accion;tipo;fecha_vencimiento;strike;volumen_contratos;posicion_abierta
MINI;CALL;May-26 w2 16.200;;-;1
MINI;CALL;May-26 w2 16.300;;-;1
MINI;CALL;May-26 w2 16.400;;-;1
MINI;CALL;May-26 w2 16.500;;-;3
MINI;CALL;May-26 w2 16.600;;1;3
MINI;CALL;May-26 w2 16.650;;-;1
MINI;CALL;May-26 w2 16.700;;-;2
MINI;CALL;May-26 w2 16.750;;1;1
MINI;CALL;May-26 w2 16.900;;1;2
MINI;CALL;May-26 w2 16.950;;1;1
MINI;CALL;May-26 w2 17.000;;2;2
MINI;CALL;May-26 w2 17.100;;-;2
MINI;CALL;May-26 w2 17.200;;2;3
MINI;CALL;May-26 w2 17.250;;-;1
MINI;CALL;May-26 w2 17.300;;-;3
MINI;CALL;May-26 w2 17.350;;-;2
MINI;CALL;May-26 w2 17.400;;-;1
MINI;CALL;May-26 w2 17.500;;1;8
MINI;CALL;May-26 w2 17.600;;2;5
MINI;CALL;May-26 w2 17.625;;-;1
MINI;CALL;May-26 w2 17.650;;-;3
MINI;CALL;May-26 w2 17.700;;-;2
MINI;CALL;May-26 w2 17.750;;2;3
MINI;CALL;May-26 w2 17.800;;3;5
MINI;CALL;May-26 w2 17.850;;-;1
MINI;CALL;May-26 w2 17.900;;1;2
MINI;CALL;May-26 w2 17.950;;-;3
MINI;CALL;May-26 w2 18.225;;-;2
MINI;CALL;May-26 w2 18.250;;-;5
MINI;CALL;May-26;14.100;-;11
MINI;CALL;May-26;14.300;-;1
MINI;CALL;May-26;14.400;-;2
MINI;CALL;May-26;14.500;-;240
MINI;CALL;May-26;14.600;-;1
MINI;CALL;May-26;14.700;-;2
MINI;CALL;May-26;14.800;-;10
MINI;CALL;May-26;15.500;-;459
MINI;CALL;May-26;15.600;-;5
MINI;CALL;May-26;15.650;-;3
MINI;CALL;May-26;15.700;-;12
MINI;CALL;May-26;15.750;-;6
MINI;CALL;May-26;15.800;-;5
MINI;CALL;May-26;15.850;-;1
MINI;CALL;May-26;15.900;2;21
MINI;CALL;May-26;16.000;-;9
MINI;CALL;May-26;16.050;-;1
MINI;CALL;May-26;16.100;-;14
MINI;CALL;May-26;16.150;-;1
MINI;CALL;May-26;16.200;3;13
MINI;CALL;May-26;16.300;-;7
MINI;CALL;May-26;16.350;-;78
MINI;CALL;May-26;16.400;1;104
MINI;CALL;May-26;16.450;-;2
MINI;CALL;May-26;16.500;-;115
MINI;CALL;May-26;16.550;-;4
MINI;CALL;May-26;16.600;1;9
MINI;CALL;May-26;16.650;-;5
MINI;CALL;May-26;16.700;76;27
MINI;CALL;May-26;16.750;2;13
MINI;CALL;May-26;16.800;-;1
MINI;CALL;May-26;16.850;1;10
MINI;CALL;May-26;16.900;-;20
MINI;CALL;May-26;17.000;1;410
MINI;CALL;May-26;17.100;2;14
MINI;CALL;May-26;17.200;-;3
MINI;CALL;May-26;17.250;3;3
MINI;CALL;May-26;17.300;2;7
MINI;CALL;May-26;17.350;1;2
MINI;CALL;May-26;17.400;12;16
MINI;CALL;May-26;17.450;11;20
MINI;CALL;May-26;17.500;2;106
MINI;CALL;May-26;17.550;3;103
MINI;CALL;May-26;17.600;3;104
MINI;CALL;May-26;17.650;-;101
MINI;CALL;May-26;17.700;4;13
MINI;CALL;May-26;17.750;1;2
MINI;CALL;May-26;17.800;-;13
MINI;CALL;May-26;17.850;2;16
MINI;CALL;May-26;17.900;2;12
MINI;CALL;May-26;17.950;-;2
MINI;CALL;May-26;18.000;2;16
MINI;CALL;May-26;18.050;-;2
MINI;CALL;May-26;18.100;-;9
MINI;CALL;May-26;18.150;2;1
MINI;CALL;May-26;18.200;-;10.002
MINI;CALL;May-26;18.250;-;1
MINI;CALL;May-26;18.300;-;2
MINI;CALL;May-26;18.350;-;11
MINI;CALL;May-26;18.400;-;1
MINI;CALL;May-26;18.500;-;12
MINI;CALL;May-26;18.600;-;1
MINI;CALL;May-26;18.700;-;1
MINI;CALL;May-26 w4 16.000;;1;1
MINI;CALL;May-26 w4 16.100;;1;1
MINI;CALL;May-26 w4 16.500;;2;2
MINI;CALL;May-26 w4 16.900;;-;1
MINI;CALL;May-26 w4 17.000;;1;1
MINI;CALL;May-26 w4 17.100;;-;1
MINI;CALL;May-26 w4 17.200;;-;1
MINI;CALL;May-26 w4 17.300;;1;1
MINI;CALL;May-26 w4 17.350;;1;1
MINI;CALL;Jun-26;7.700;-;1
MINI;CALL;Jun-26;8.000;-;300
MINI;CALL;Jun-26;9.500;-;350
MINI;CALL;Jun-26;9.900;-;1
MINI;CALL;Jun-26;10.200;-;1
MINI;CALL;Jun-26;10.900;-;1
MINI;CALL;Jun-26;11.300;-;32
MINI;CALL;Jun-26;11.400;-;32
MINI;CALL;Jun-26;11.500;-;32
MINI;CALL;Jun-26;11.600;-;32
MINI;CALL;Jun-26;12.000;-;2
MINI;CALL;Jun-26;12.100;-;1
MINI;CALL;Jun-26;12.200;-;1
MINI;CALL;Jun-26;12.300;-;2
MINI;CALL;Jun-26;12.400;-;1
MINI;CALL;Jun-26;12.500;-;1
MINI;CALL;Jun-26;12.600;-;1
MINI;CALL;Jun-26;12.700;-;1
MINI;CALL;Jun-26;13.000;-;8
MINI;CALL;Jun-26;13.100;-;2
MINI;CALL;Jun-26;13.200;-;1
MINI;CALL;Jun-26;13.300;-;1
MINI;CALL;Jun-26;13.400;-;3
MINI;CALL;Jun-26;13.500;-;6
MINI;CALL;Jun-26;13.800;-;9
MINI;CALL;Jun-26;14.000;-;18
MINI;CALL;Jun-26;14.100;40;42
MINI;CALL;Jun-26;14.200;-;3
MINI;CALL;Jun-26;14.300;-;6
MINI;CALL;Jun-26;14.400;-;5
MINI;CALL;Jun-26;14.500;-;7
MINI;CALL;Jun-26;14.600;29;29
MINI;CALL;Jun-26;14.700;-;7
MINI;CALL;Jun-26;14.800;-;3
MINI;CALL;Jun-26;14.900;-;22
MINI;CALL;Jun-26;15.000;1;125
MINI;CALL;Jun-26;15.100;-;4
MINI;CALL;Jun-26;15.200;-;2
MINI;CALL;Jun-26;15.300;-;1
MINI;CALL;Jun-26;15.400;-;2
MINI;CALL;Jun-26;15.450;-;3
MINI;CALL;Jun-26;15.500;-;52
MINI;CALL;Jun-26;15.550;-;3
MINI;CALL;Jun-26;15.600;2;37
MINI;CALL;Jun-26;15.650;-;1
MINI;CALL;Jun-26;15.700;-;5
MINI;CALL;Jun-26;15.800;-;1
MINI;CALL;Jun-26;15.850;-;2
MINI;CALL;Jun-26;15.900;-;3
MINI;CALL;Jun-26;16.000;-;121
MINI;CALL;Jun-26;16.100;8;25
MINI;CALL;Jun-26;16.200;-;5
MINI;CALL;Jun-26;16.300;1;5
MINI;CALL;Jun-26;16.350;-;1
MINI;CALL;Jun-26;16.400;-;3
MINI;CALL;Jun-26;16.500;1;5
MINI;CALL;Jun-26;16.600;-;70
MINI;CALL;Jun-26;16.700;-;1
MINI;CALL;Jun-26;16.750;-;1
MINI;CALL;Jun-26;16.800;-;24
MINI;CALL;Jun-26;16.900;-;20
MINI;CALL;Jun-26;17.000;3;297
MINI;CALL;Jun-26;17.100;1;6
MINI;CALL;Jun-26;17.200;-;69
MINI;CALL;Jun-26;17.300;-;103
MINI;CALL;Jun-26;17.350;1;181
MINI;CALL;Jun-26;17.400;1;103
MINI;CALL;Jun-26;17.500;1;8
MINI;CALL;Jun-26;17.550;-;100
MINI;CALL;Jun-26;17.600;2;207
MINI;CALL;Jun-26;17.650;-;103
MINI;CALL;Jun-26;17.700;-;2
MINI;CALL;Jun-26;17.800;-;102
MINI;CALL;Jun-26;17.850;-;100
MINI;CALL;Jun-26;17.900;3;102
MINI;CALL;Jun-26;17.950;-;1
MINI;CALL;Jun-26;18.000;1;8
MINI;CALL;Jun-26;18.100;-;2
MINI;CALL;Jun-26;18.200;-;3
MINI;CALL;Jun-26;18.300;-;100
MINI;CALL;Jun-26;18.400;-;100
MINI;CALL;Jun-26;18.500;-;100
MINI;CALL;Jul-26;15.000;1;4
MINI;CALL;Jul-26;15.500;-;1
MINI;CALL;Jul-26;15.600;-;1
MINI;CALL;Jul-26;16.000;-;1
MINI;CALL;Jul-26;16.700;-;1
MINI;CALL;Sep-26;13.000;-;1
MINI;CALL;Sep-26;13.100;-;2
MINI;CALL;Sep-26;13.500;-;2
MINI;CALL;Sep-26;13.600;-;1
MINI;CALL;Sep-26;13.700;-;2
MINI;CALL;Sep-26;13.900;-;1
MINI;CALL;Sep-26;14.000;-;7
MINI;CALL;Sep-26;14.100;-;2
MINI;CALL;Sep-26;14.200;-;1
MINI;CALL;Sep-26;14.300;-;3
MINI;CALL;Sep-26;14.400;2;2
MINI;CALL;Sep-26;14.500;-;4
MINI;CALL;Sep-26;14.600;-;5
MINI;CALL;Sep-26;14.700;1;3
MINI;CALL;Sep-26;15.000;-;11
MINI;CALL;Sep-26;15.200;-;2
MINI;CALL;Sep-26;15.400;-;5
MINI;CALL;Sep-26;15.500;-;27
MINI;CALL;Sep-26;15.600;-;1
MINI;CALL;Sep-26;15.700;-;4
MINI;CALL;Sep-26;15.800;1;1
MINI;CALL;Sep-26;15.900;-;7
MINI;CALL;Sep-26;16.000;-;6
MINI;CALL;Sep-26;16.100;-;1
MINI;CALL;Sep-26;16.200;-;1
MINI;CALL;Sep-26;16.300;-;1
MINI;CALL;Sep-26;16.400;-;3
MINI;CALL;Sep-26;16.500;-;1
MINI;CALL;Sep-26;16.700;-;1
MINI;CALL;Sep-26;16.800;1;1
MINI;CALL;Sep-26;17.000;-;1
MINI;CALL;Sep-26;17.200;-;2
MINI;CALL;Sep-26;17.400;1;3
MINI;CALL;Sep-26;17.500;-;1
MINI;CALL;Sep-26;17.600;-;2
MINI;CALL;Sep-26;17.700;-;2
MINI;CALL;Sep-26;17.800;-;2
MINI;CALL;Sep-26;18.000;-;3
MINI;CALL;Sep-26;18.100;-;2
MINI;CALL;Sep-26;18.200;-;2
MINI;CALL;Sep-26;18.300;1;2
MINI;CALL;Sep-26;18.400;-;3
MINI;CALL;Sep-26;19.400;-;14
MINI;CALL;Dic-26;8.600;-;1.250
MINI;CALL;Dic-26;10.900;-;1
MINI;CALL;Dic-26;11.300;-;1
MINI;CALL;Dic-26;11.500;-;2
MINI;CALL;Dic-26;12.200;-;2
MINI;CALL;Dic-26;12.300;-;5
MINI;CALL;Dic-26;12.400;-;1
MINI;CALL;Dic-26;12.500;-;8
MINI;CALL;Dic-26;12.600;-;6
MINI;CALL;Dic-26;12.900;-;7
MINI;CALL;Dic-26;13.000;-;7
MINI;CALL;Dic-26;13.100;-;1
MINI;CALL;Dic-26;13.200;-;1
MINI;CALL;Dic-26;13.500;-;504
MINI;CALL;Dic-26;13.600;-;4
MINI;CALL;Dic-26;13.700;-;2
MINI;CALL;Dic-26;14.000;-;1.023
MINI;CALL;Dic-26;14.200;-;3
MINI;CALL;Dic-26;14.300;-;1
MINI;CALL;Dic-26;14.500;-;1
MINI;CALL;Dic-26;14.800;-;1
MINI;CALL;Dic-26;14.900;2;3
MINI;CALL;Dic-26;15.000;-;2
MINI;CALL;Dic-26;15.500;-;1
MINI;CALL;Dic-26;15.600;-;32
MINI;CALL;Dic-26;15.700;-;2
MINI;CALL;Dic-26;15.800;-;1
MINI;CALL;Dic-26;16.000;-;1
MINI;CALL;Dic-26;16.300;-;10
MINI;CALL;Dic-26;16.400;-;6.000
MINI;CALL;Dic-26;16.500;-;1
MINI;CALL;Dic-26;16.600;-;1
MINI;CALL;Dic-26;16.700;-;1.505
MINI;CALL;Dic-26;16.800;-;4
MINI;CALL;Dic-26;16.900;-;4
MINI;CALL;Dic-26;17.000;-;9
MINI;CALL;Dic-26;17.100;-;5
MINI;CALL;Dic-26;17.200;-;5
MINI;CALL;Dic-26;17.300;-;4
MINI;CALL;Dic-26;17.400;-;6
MINI;CALL;Dic-26;17.500;-;1.000
MINI;CALL;Dic-26;17.600;-;1
MINI;CALL;Dic-26;17.700;-;5.011
MINI;CALL;Dic-26;17.800;-;5
MINI;CALL;Dic-26;17.900;-;5.001
MINI;CALL;Dic-26;18.000;-;4
MINI;CALL;Dic-26;18.100;-;2
MINI;CALL;Dic-26;18.200;-;7
MINI;CALL;Dic-26;18.500;-;1
MINI;CALL;Dic-26;18.800;-;1
MINI;CALL;Dic-26;19.100;-;1
MINI;CALL;Dic-26;19.400;-;1
MINI;CALL;Dic-26;19.700;-;1
MINI;CALL;Dic-26;20.000;-;1
MINI;CALL;Mar-27;13.000;1;3
MINI;CALL;Mar-27;13.800;-;32
MINI;CALL;Mar-27;16.500;-;1
MINI;CALL;Mar-27;17.500;-;20
MINI;CALL;Mar-27;18.000;-;750
MINI;CALL;Mar-27;21.600;-;1
MINI;CALL;Jun-27;13.000;-;2
MINI;CALL;Sep-27;12.100;-;32
MINI;CALL;Sep-27;12.200;-;32
MINI;CALL;Sep-27;12.300;-;32
MINI;CALL;Sep-27;12.400;-;32
MINI;CALL;Sep-27;14.200;-;32
MINI;CALL;Dic-27;13.400;-;250
MINI;CALL;Dic-27;14.700;-;1
MINI;CALL;Dic-27;15.400;-;32
MINI;CALL;Dic-27;15.700;-;32
MINI;CALL;Dic-27;15.800;-;32
MINI;CALL;Dic-28;16.800;-;1.800
ACCIONA;CALL;May-26;190,00;-;1
ACCIONA;CALL;May-26;195,00;-;1
ACCIONA;CALL;May-26;210,00;-;1
ACCIONA;CALL;May-26;220,00;-;1
ACCIONA;CALL;May-26;240,00;-;1
ACCIONA;CALL;Jun-26;120,00;-;1
ACCIONA;CALL;Jun-26;220,00;-;1
ACCIONA;CALL;Sep-26;120,00;-;1
ACCIONA;CALL;Sep-26;170,00;-;1
ACCIONA;CALL;Sep-26;200,00;-;10
ACCIONA;CALL;Dic-26;175,00;-;2
ACCIONA;CALL;Dic-26;210,00;-;2
ACCIONA;CALL;Jun-26;19,00;-;1
ACCIONA;CALL;Jun-26;21,00;-;1
ACCIONA;CALL;Sep-26;20,00;-;3
ACCIONA;CALL;Dic-26;18,00;-;2
ACCIONA;CALL;Dic-26;19,00;-;3
ACCIONA;CALL;Dic-26;21,00;-;15
ACERINOX;CALL;May-26;10,50;-;2
ACERINOX;CALL;May-26;11,00;-;5
ACERINOX;CALL;May-26;12,00;-;6
ACERINOX;CALL;May-26;12,50;-;10
ACERINOX;CALL;May-26;13,00;-;30
ACERINOX;CALL;May-26;13,50;-;2
ACERINOX;CALL;Jun-26;8,50;-;20
ACERINOX;CALL;Jun-26;9,25;-;20
ACERINOX;CALL;Jun-26;9,50;-;1
ACERINOX;CALL;Jun-26;10,00;-;61
ACERINOX;CALL;Jun-26;10,50;-;9
ACERINOX;CALL;Jun-26;11,50;-;37
ACERINOX;CALL;Jun-26;12,00;-;16
ACERINOX;CALL;Jun-26;12,50;-;202
ACERINOX;CALL;Jun-26;13,00;-;521
ACERINOX;CALL;Jun-26;13,50;-;10
ACERINOX;CALL;Jun-26;14,00;10;12
ACERINOX;CALL;Sep-26;9,00;-;23
ACERINOX;CALL;Sep-26;9,50;-;43
ACERINOX;CALL;Sep-26;9,75;-;1
ACERINOX;CALL;Sep-26;10,00;-;10
ACERINOX;CALL;Sep-26;10,50;-;40
ACERINOX;CALL;Sep-26;11,00;-;150
ACERINOX;CALL;Sep-26;13,00;-;11
ACERINOX;CALL;Sep-26;14,00;-;10
ACERINOX;CALL;Sep-26;15,00;-;2
ACERINOX;CALL;Dic-26;9,50;-;1
ACERINOX;CALL;Dic-26;9,75;-;1
ACERINOX;CALL;Dic-26;10,00;-;97
ACERINOX;CALL;Dic-26;10,50;-;35
ACERINOX;CALL;Dic-26;11,00;-;51
ACERINOX;CALL;Dic-26;11,50;-;25
ACERINOX;CALL;Dic-26;12,00;-;25
ACERINOX;CALL;Dic-26;12,50;-;100
ACERINOX;CALL;Mar-27;8,00;-;2
ACERINOX;CALL;Mar-27;10,00;-;175
ACERINOX;CALL;Mar-27;10,50;-;50
ACERINOX;CALL;Mar-27;11,00;-;55
ACERINOX;CALL;Mar-27;11,50;-;1
ACERINOX;CALL;Mar-27;12,00;20;20
ACERINOX;CALL;Jun-27;8,75;-;1
ACERINOX;CALL;Jun-27;10,00;-;243
ACERINOX;CALL;Sep-27;12,00;-;207
ACERINOX;CALL;Dic-27;12,00;-;150
ACERINOX;CALL;Mar-28;12,00;-;208
ACS;CALL;May-26;90,00;-;3
ACS;CALL;May-26;96,00;-;1
ACS;CALL;May-26;98,00;-;50
ACS;CALL;May-26;100,00;-;10
ACS;CALL;May-26;110,00;-;3
ACS;CALL;May-26;115,00;-;474
ACS;CALL;May-26;120,00;-;30
ACS;CALL;May-26;125,00;-;60
ACS;CALL;Jun-26;30,00;-;25
ACS;CALL;Jun-26;31,00;-;25
ACS;CALL;Jun-26;34,00;-;10
ACS;CALL;Jun-26;41,00;-;25
ACS;CALL;Jun-26;42,00;-;25
ACS;CALL;Jun-26;43,00;-;25
ACS;CALL;Jun-26;44,00;-;25
ACS;CALL;Jun-26;45,00;-;26
ACS;CALL;Jun-26;49,00;-;50
ACS;CALL;Jun-26;50,00;-;51
ACS;CALL;Jun-26;52,00;-;50
ACS;CALL;Jun-26;54,00;-;50
ACS;CALL;Jun-26;56,00;-;51
ACS;CALL;Jun-26;60,00;-;50
ACS;CALL;Jun-26;62,00;-;25
ACS;CALL;Jun-26;66,00;-;35
ACS;CALL;Jun-26;68,00;-;1
ACS;CALL;Jun-26;70,00;-;1
ACS;CALL;Jun-26;72,00;-;10
ACS;CALL;Jun-26;76,00;-;5
ACS;CALL;Jun-26;88,00;-;15
ACS;CALL;Jun-26;90,00;-;2
ACS;CALL;Jun-26;92,00;-;5
ACS;CALL;Jun-26;96,00;-;1
ACS;CALL;Jun-26;100,00;-;3
ACS;CALL;Jun-26;105,00;-;15
ACS;CALL;Jun-26;110,00;-;1
ACS;CALL;Jun-26;115,00;1;1
ACS;CALL;Jun-26;120,00;-;1
ACS;CALL;Jul-26;120,00;-;1
ACS;CALL;Sep-26;50,00;-;25
ACS;CALL;Sep-26;52,00;-;50
ACS;CALL;Sep-26;54,00;-;50
ACS;CALL;Sep-26;56,00;-;51
ACS;CALL;Sep-26;66,00;-;25
ACS;CALL;Sep-26;68,00;-;25
ACS;CALL;Sep-26;70,00;-;25
ACS;CALL;Sep-26;72,00;-;1
ACS;CALL;Sep-26;76,00;-;42
ACS;CALL;Sep-26;78,00;-;52
ACS;CALL;Sep-26;80,00;-;27
ACS;CALL;Sep-26;82,00;-;5
ACS;CALL;Sep-26;84,00;-;25
ACS;CALL;Sep-26;90,00;-;25
ACS;CALL;Sep-26;94,00;-;6
ACS;CALL;Sep-26;96,00;-;10
ACS;CALL;Sep-26;100,00;-;25
ACS;CALL;Sep-26;110,00;-;1
ACS;CALL;Dic-26;23,00;-;201
ACS;CALL;Dic-26;24,00;-;25
ACS;CALL;Dic-26;25,00;-;25
ACS;CALL;Dic-26;27,00;-;25
ACS;CALL;Dic-26;28,00;-;75
ACS;CALL;Dic-26;29,00;-;75
ACS;CALL;Dic-26;30,00;-;17
ACS;CALL;Dic-26;33,00;-;6
ACS;CALL;Dic-26;34,00;-;25
ACS;CALL;Dic-26;35,00;-;200
ACS;CALL;Dic-26;46,00;-;25
ACS;CALL;Dic-26;54,00;-;25
ACS;CALL;Dic-26;58,00;-;25
ACS;CALL;Dic-26;60,00;-;95
ACS;CALL;Dic-26;62,00;-;5
ACS;CALL;Dic-26;66,00;-;1
ACS;CALL;Dic-26;76,00;-;5
ACS;CALL;Dic-26;78,00;-;5
ACS;CALL;Dic-26;80,00;-;5
ACS;CALL;Dic-26;82,00;-;5
ACS;CALL;Dic-26;84,00;-;5
ACS;CALL;Dic-26;86,00;-;5
ACS;CALL;Dic-26;88,00;-;45
ACS;CALL;Dic-26;90,00;-;44
ACS;CALL;Dic-26;94,00;-;45
ACS;CALL;Dic-26;96,00;-;80
ACS;CALL;Dic-26;98,00;-;10
ACS;CALL;Dic-26;100,00;1;176
ACS;CALL;Dic-26;105,00;-;3
ACS;CALL;Mar-27;88,00;-;1
ACS;CALL;Mar-27;92,00;-;2
ACS;CALL;Mar-27;98,00;-;115
ACS;CALL;Mar-27;100,00;-;110
ACS;CALL;Mar-27;105,00;-;5
ACS;CALL;Jun-27;22,00;-;360
ACS;CALL;Jun-27;24,00;-;85
ACS;CALL;Jun-27;28,00;-;2
ACS;CALL;Jun-27;33,00;-;2
ACS;CALL;Jun-27;70,00;-;1
ACS;CALL;Sep-27;78,00;-;25
ACS;CALL;Sep-27;92,00;-;25
ACS;CALL;Dic-27;50,00;-;25
ACS;CALL;Dic-27;78,00;-;25
ACS;CALL;Dic-27;98,00;-;25
ACS;CALL;Dic-27;100,00;-;25
ACS;PUT;Dic-26;50,00;-;1
ACS;CALL;Jun-26;76,00;-;25
ACS;CALL;Jun-26;78,00;-;25
AENA;CALL;May-26;22,00;-;5
AENA;CALL;May-26;23,00;11;782
AENA;CALL;May-26;24,00;-;32
AENA;CALL;May-26;25,00;9;1
AENA;CALL;Jun-26;19,00;-;1
AENA;CALL;Jun-26;19,50;-;8
AENA;CALL;Jun-26;20,00;-;6
AENA;CALL;Jun-26;21,00;2;8
AENA;CALL;Jun-26;22,00;16;25
AENA;CALL;Jun-26;23,00;-;19
AENA;CALL;Jun-26;24,00;-;18
AENA;CALL;Jun-26;25,00;-;1
AENA;CALL;Jun-26;26,00;-;2
AENA;CALL;Jul-26;20,00;3;7
AENA;CALL;Jul-26;21,00;-;3
AENA;CALL;Sep-26;18,50;-;2
AENA;CALL;Sep-26;19,00;-;30
AENA;CALL;Sep-26;19,50;-;2
AENA;CALL;Sep-26;20,00;-;14
AENA;CALL;Sep-26;21,00;-;7
AENA;CALL;Sep-26;22,00;-;510
AENA;CALL;Sep-26;23,00;-;40
AENA;CALL;Dic-26;18,00;-;2
AENA;CALL;Dic-26;19,00;-;3
AENA;CALL;Dic-26;19,50;-;4
AENA;CALL;Dic-26;21,00;-;3
AENA;CALL;Dic-26;22,00;-;200
AENA;CALL;Dic-26;23,00;-;1
AENA;CALL;Dic-26;24,00;-;2
AENA;CALL;Dic-26;25,00;-;4
AENA;CALL;Dic-26;26,00;-;3
AENA;CALL;Mar-27;18,00;500;502
AENA;CALL;Mar-27;20,00;500;1.000
AENA;CALL;Mar-27;21,00;-;1
AENA;CALL;Mar-27;22,00;15;19
AENA;CALL;Mar-27;26,00;-;6
AENA;CALL;Jun-27;27,00;-;25
AENA;CALL;Sep-27;23,00;1;2
ALMIRALL;CALL;May-26;11,50;-;3
ALMIRALL;CALL;Jun-26;10,50;-;1
ALMIRALL;CALL;Jun-26;12,00;-;1
AMADEUS;CALL;May-26;40,00;-;5
AMADEUS;CALL;May-26;42,00;-;30
AMADEUS;CALL;May-26;43,00;1;29
AMADEUS;CALL;May-26;44,00;-;36
AMADEUS;CALL;May-26;45,00;1;11
AMADEUS;CALL;May-26;46,00;4;23
AMADEUS;CALL;May-26;47,00;25;39
AMADEUS;CALL;May-26;48,00;26;1.441
AMADEUS;CALL;May-26;49,00;-;14
AMADEUS;CALL;May-26;50,00;2;24
AMADEUS;CALL;May-26;52,00;1;25
AMADEUS;CALL;May-26;54,00;-;22
AMADEUS;CALL;Jun-26;39,00;-;10
AMADEUS;CALL;Jun-26;40,00;-;7
AMADEUS;CALL;Jun-26;41,00;-;2
AMADEUS;CALL;Jun-26;42,00;2;19
AMADEUS;CALL;Jun-26;43,00;1;4
AMADEUS;CALL;Jun-26;44,00;10;1.517
AMADEUS;CALL;Jun-26;45,00;-;9
AMADEUS;CALL;Jun-26;46,00;4;43
AMADEUS;CALL;Jun-26;47,00;-;5
AMADEUS;CALL;Jun-26;48,00;-;18
AMADEUS;CALL;Jun-26;49,00;-;2
AMADEUS;CALL;Jun-26;50,00;-;85
AMADEUS;CALL;Jun-26;52,00;1;82
AMADEUS;CALL;Jun-26;54,00;-;29
AMADEUS;CALL;Jun-26;56,00;-;95
AMADEUS;CALL;Jun-26;58,00;-;50
AMADEUS;CALL;Jun-26;60,00;-;102
AMADEUS;CALL;Jun-26;62,00;-;75
AMADEUS;CALL;Jun-26;64,00;-;28
AMADEUS;CALL;Jun-26;68,00;-;25
AMADEUS;CALL;Jun-26;70,00;-;27
AMADEUS;CALL;Jun-26;74,00;-;6
AMADEUS;CALL;Jun-26;80,00;-;25
AMADEUS;CALL;Jul-26;35,00;-;10
AMADEUS;CALL;Jul-26;36,00;5;5
AMADEUS;CALL;Jul-26;40,00;-;1
AMADEUS;CALL;Jul-26;42,00;-;2
AMADEUS;CALL;Jul-26;44,00;1;1
AMADEUS;CALL;Jul-26;47,00;1;1
AMADEUS;CALL;Jul-26;54,00;-;1
AMADEUS;CALL;Sep-26;38,00;-;8
AMADEUS;CALL;Sep-26;40,00;-;1
AMADEUS;CALL;Sep-26;41,00;-;2
AMADEUS;CALL;Sep-26;43,00;-;15
AMADEUS;CALL;Sep-26;45,00;-;227
AMADEUS;CALL;Sep-26;46,00;-;1.801
AMADEUS;CALL;Sep-26;47,00;-;3.184
AMADEUS;CALL;Sep-26;48,00;-;1
AMADEUS;CALL;Sep-26;49,00;-;4
AMADEUS;CALL;Sep-26;50,00;-;3
AMADEUS;CALL;Sep-26;52,00;-;4
AMADEUS;CALL;Sep-26;54,00;-;3
AMADEUS;CALL;Sep-26;56,00;-;1
AMADEUS;CALL;Sep-26;60,00;-;3
AMADEUS;CALL;Sep-26;64,00;-;50
AMADEUS;CALL;Sep-26;66,00;-;26
AMADEUS;CALL;Sep-26;68,00;-;50
AMADEUS;CALL;Sep-26;70,00;-;50
AMADEUS;CALL;Sep-26;72,00;-;5
AMADEUS;CALL;Sep-26;74,00;-;5
AMADEUS;CALL;Sep-26;88,00;-;1
AMADEUS;CALL;Dic-26;38,00;5;25
AMADEUS;CALL;Dic-26;39,00;-;162
AMADEUS;CALL;Dic-26;40,00;-;97
AMADEUS;CALL;Dic-26;43,00;-;63
AMADEUS;CALL;Dic-26;44,00;-;13
AMADEUS;CALL;Dic-26;45,00;-;33
AMADEUS;CALL;Dic-26;46,00;-;29
AMADEUS;CALL;Dic-26;47,00;-;100
AMADEUS;CALL;Dic-26;48,00;-;511
AMADEUS;CALL;Dic-26;49,00;-;1
AMADEUS;CALL;Dic-26;50,00;-;107
AMADEUS;CALL;Dic-26;52,00;-;536
AMADEUS;CALL;Dic-26;54,00;-;29
AMADEUS;CALL;Dic-26;56,00;-;5
AMADEUS;CALL;Dic-26;58,00;-;1
AMADEUS;CALL;Dic-26;60,00;-;1
AMADEUS;CALL;Dic-26;62,00;-;2
AMADEUS;CALL;Dic-26;64,00;-;1
AMADEUS;CALL;Dic-26;68,00;-;1
AMADEUS;CALL;Mar-27;38,00;-;25
AMADEUS;CALL;Mar-27;39,00;-;55
AMADEUS;CALL;Mar-27;40,00;-;3
AMADEUS;CALL;Mar-27;41,00;-;4
AMADEUS;CALL;Mar-27;45,00;-;5
AMADEUS;CALL;Mar-27;47,00;-;3
AMADEUS;CALL;Mar-27;48,00;-;5
AMADEUS;CALL;Mar-27;49,00;-;3
AMADEUS;CALL;Mar-27;50,00;-;1
AMADEUS;CALL;Mar-27;52,00;-;2
AMADEUS;CALL;Mar-27;54,00;-;1
AMADEUS;CALL;Mar-27;62,00;-;1
AMADEUS;CALL;Jun-27;39,00;-;10
AMADEUS;CALL;Jun-27;44,00;-;2
AMADEUS;CALL;Jun-27;46,00;-;1
AMADEUS;CALL;Jun-27;49,00;-;1
AMADEUS;CALL;Jun-27;50,00;-;24
AMADEUS;CALL;Sep-27;52,00;-;1
AMADEUS;CALL;Sep-27;54,00;-;1
AMADEUS;CALL;Dic-27;46,00;-;50
AMADEUS;CALL;Dic-27;47,00;-;25
AMADEUS;CALL;Dic-27;48,00;-;51
AMADEUS;CALL;Dic-27;50,00;-;6
AMADEUS;CALL;Dic-27;52,00;-;3
AMADEUS;CALL;Mar-28;49,00;-;1
AMADEUS;CALL;Jun-28;46,00;-;2
AMADEUS;CALL;Jun-28;48,00;-;3
AMADEUS;CALL;Jun-28;56,00;-;1
AMADEUS;CALL;Jun-28;60,00;-;3
AMADEUS;CALL;Jun-28;62,00;-;3
AMADEUS;CALL;Jun-28;70,00;-;3
AMADEUS;PUT;May-26;46,00;-;1
ARCELORMITTAL;CALL;May-26;35,00;-;1
ARCELORMITTAL;CALL;May-26;41,00;-;51
ARCELORMITTAL;CALL;May-26;44,00;-;2
ARCELORMITTAL;CALL;May-26;46,00;-;1
ARCELORMITTAL;CALL;May-26;47,00;-;3
ARCELORMITTAL;CALL;May-26;48,00;-;40
ARCELORMITTAL;CALL;May-26;49,00;-;4
ARCELORMITTAL;CALL;May-26;50,00;-;11
ARCELORMITTAL;CALL;Jun-26;22,00;-;5
ARCELORMITTAL;CALL;Jun-26;28,00;-;4
ARCELORMITTAL;CALL;Jun-26;30,00;-;5
ARCELORMITTAL;CALL;Jun-26;33,00;-;4
ARCELORMITTAL;CALL;Jun-26;34,00;-;1
ARCELORMITTAL;CALL;Jun-26;38,00;-;1
ARCELORMITTAL;CALL;Jun-26;43,00;-;3
ARCELORMITTAL;CALL;Jun-26;50,00;-;10
ARCELORMITTAL;CALL;Sep-26;24,00;-;1
ARCELORMITTAL;CALL;Sep-26;36,00;-;5
ARCELORMITTAL;CALL;Sep-26;37,00;-;5
ARCELORMITTAL;CALL;Sep-26;38,00;-;5
ARCELORMITTAL;CALL;Dic-26;34,00;-;10
ARCELORMITTAL;CALL;Dic-26;39,00;-;1
ARCELORMITTAL;CALL;Dic-26;46,00;-;1
ARCELORMITTAL;CALL;Dic-26;49,00;-;50
ARCELORMITTAL;CALL;Dic-26;54,00;-;4
ARCELORMITTAL;CALL;Dic-27;24,00;-;1
ARCELORMITTAL;CALL;Dic-30;44,00;-;1
ATRESMEDIA;CALL;May-26;5,25;-;1
ATRESMEDIA;CALL;Jun-26;4,80;-;100
ATRESMEDIA;CALL;Jun-26;5,25;-;50
ATRESMEDIA;CALL;Sep-26;4,80;-;4
ATRESMEDIA;CALL;Sep-26;4,90;-;1
ATRESMEDIA;CALL;Dic-26;4,50;-;2
ATRESMEDIA;CALL;Dic-26;6,00;-;20
B.SABADELL;CALL;May-26;3,00;-;10
B.SABADELL;CALL;May-26;3,20;-;2
B.SABADELL;CALL;May-26;3,30;10;10
B.SABADELL;CALL;Jun-26;2,50;-;1
B.SABADELL;CALL;Jun-26;2,60;-;1
B.SABADELL;CALL;Jun-26;2,70;-;5
B.SABADELL;CALL;Jun-26;2,80;-;24
B.SABADELL;CALL;Jun-26;2,90;-;1
B.SABADELL;CALL;Jun-26;3,00;-;15
B.SABADELL;CALL;Jun-26;3,30;-;200
B.SABADELL;CALL;Jun-26;3,40;-;104
B.SABADELL;CALL;Jun-26;3,70;-;20
B.SABADELL;CALL;Jun-26;4,40;-;7
B.SABADELL;CALL;Jul-26;3,50;20;20
B.SABADELL;CALL;Sep-26;2,60;-;5.249
B.SABADELL;CALL;Sep-26;2,90;-;1
B.SABADELL;CALL;Sep-26;3,10;-;11
B.SABADELL;CALL;Sep-26;3,70;-;5
B.SABADELL;CALL;Dic-26;2,90;-;411
B.SABADELL;CALL;Dic-26;3,00;-;10
B.SABADELL;CALL;Dic-26;3,10;-;3
B.SABADELL;CALL;Dic-26;3,20;-;15
B.SABADELL;CALL;Mar-27;2,90;-;1
B.SABADELL;CALL;Dic-27;3,20;-;1.538
B.SABADELL;CALL;Dic-27;3,30;-;3.026
B.SABADELL;CALL;Mar-28;3,00;-;830
B.SABADELL;PUT;Dic-26;2,40;-;10
B.SABADELL;CALL;Dic-26;2,90;-;10
BANKINTER;CALL;May-26;13,00;-;26
BANKINTER;CALL;May-26;13,50;-;5
BANKINTER;CALL;Jun-26;7,75;-;2
BANKINTER;CALL;Jun-26;10,50;-;19
BANKINTER;CALL;Jun-26;11,00;-;20
BANKINTER;CALL;Jun-26;12,00;-;1
BANKINTER;CALL;Jun-26;14,00;-;3
BANKINTER;CALL;Jun-26;14,50;-;1
BANKINTER;CALL;Jul-26;12,00;-;1
BANKINTER;CALL;Sep-26;6,50;-;31
BANKINTER;CALL;Sep-26;7,00;-;1
BANKINTER;CALL;Sep-26;10,50;-;3
BANKINTER;CALL;Sep-26;11,00;-;3
BANKINTER;CALL;Sep-26;11,50;-;4
BANKINTER;CALL;Sep-26;12,50;-;2
BANKINTER;CALL;Sep-26;13,00;-;20
BANKINTER;CALL;Sep-26;13,50;-;10
BANKINTER;CALL;Sep-26;14,00;-;10
BANKINTER;CALL;Dic-26;7,25;-;1
BANKINTER;CALL;Dic-26;11,00;-;1
BANKINTER;CALL;Dic-26;12,50;-;108
BANKINTER;CALL;Dic-26;13,00;-;20
BANKINTER;CALL;Dic-26;13,50;-;3.350
BANKINTER;CALL;Dic-26;14,00;-;25
BANKINTER;CALL;Dic-26;16,00;-;25
BANKINTER;CALL;Jun-27;11,00;-;222
BANKINTER;CALL;Jun-27;12,50;-;3
BANKINTER;CALL;Dic-27;10,50;-;1.000
BANKINTER;CALL;Dic-27;11,00;-;200
BANKINTER;CALL;Dic-27;15,00;-;25
BANKINTER;CALL;Mar-28;13,00;-;194
BANKINTER;CALL;Mar-28;14,00;-;175
BANKINTER;PUT;Jun-26;13,00;-;3
BBVA;CALL;May-26 w2 16,00;;-;10
BBVA;CALL;May-26 w2 16,50;;-;10
BBVA;CALL;May-26 w2 17,50;;10;10
BBVA;CALL;May-26 w2 18,00;;10;42
BBVA;CALL;May-26 w2 18,50;;-;11
BBVA;CALL;May-26;13,50;-;20
BBVA;CALL;May-26;14,00;-;16
BBVA;CALL;May-26;15,00;-;51
BBVA;CALL;May-26;15,50;-;13
BBVA;CALL;May-26;16,00;-;30
BBVA;CALL;May-26;16,50;3;13
BBVA;CALL;May-26;17,00;40;170
BBVA;CALL;May-26;17,50;-;179
BBVA;CALL;May-26;18,00;35;168
BBVA;CALL;May-26;18,50;-;5.453
BBVA;CALL;May-26;19,00;-;1.307
BBVA;CALL;May-26;19,50;150;451
BBVA;CALL;May-26;20,00;180;632
BBVA;CALL;May-26;21,00;-;8
BBVA;CALL;May-26;23,00;-;1
BBVA;CALL;May-26 w4 15,00;;10;10
BBVA;CALL;May-26 w4 17,00;;11;11
BBVA;CALL;Jun-26;5,25;-;1
BBVA;CALL;Jun-26;7,00;-;23.800
BBVA;CALL;Jun-26;7,25;-;155
BBVA;CALL;Jun-26;7,50;-;14.802
BBVA;CALL;Jun-26;7,75;-;3.050
BBVA;CALL;Jun-26;8,00;-;4.593
BBVA;CALL;Jun-26;8,50;-;25
BBVA;CALL;Jun-26;8,75;-;175
BBVA;CALL;Jun-26;9,00;-;2.760
BBVA;CALL;Jun-26;9,25;-;272
BBVA;CALL;Jun-26;9,50;-;585
BBVA;CALL;Jun-26;9,75;-;1.159
BBVA;CALL;Jun-26;10,00;-;5.764
BBVA;CALL;Jun-26;10,50;-;3.735
BBVA;CALL;Jun-26;11,00;-;993
BBVA;CALL;Jun-26;11,50;-;2.750
BBVA;CALL;Jun-26;12,00;-;549
BBVA;CALL;Jun-26;12,50;-;815
BBVA;CALL;Jun-26;13,00;10;581
BBVA;CALL;Jun-26;13,50;2;442
BBVA;CALL;Jun-26;14,00;3;94
BBVA;CALL;Jun-26;14,50;-;100
BBVA;CALL;Jun-26;15,00;2;3.644
BBVA;CALL;Jun-26;15,50;-;2.810
BBVA;CALL;Jun-26;16,00;-;185
BBVA;CALL;Jun-26;16,50;7;328
BBVA;CALL;Jun-26;17,00;-;10.512
BBVA;CALL;Jun-26;17,50;2;119
BBVA;CALL;Jun-26;18,00;75;293
BBVA;CALL;Jun-26;18,50;-;150
BBVA;CALL;Jun-26;19,00;10;300
BBVA;CALL;Jun-26;19,50;-;300
BBVA;CALL;Jun-26;20,00;30;34
BBVA;CALL;Jun-26;21,00;-;336
BBVA;CALL;Jun-26;22,00;-;753
BBVA;CALL;Jun-26;23,00;-;1.950
BBVA;CALL;Jul-26;15,00;-;1
BBVA;CALL;Sep-26;6,75;-;1
BBVA;CALL;Sep-26;8,25;-;5
BBVA;CALL;Sep-26;9,00;-;674
BBVA;CALL;Sep-26;9,25;-;368
BBVA;CALL;Sep-26;9,50;-;25
BBVA;CALL;Sep-26;9,75;-;200
BBVA;CALL;Sep-26;10,00;-;40.150
BBVA;CALL;Sep-26;10,50;-;300
BBVA;CALL;Sep-26;11,00;-;350
BBVA;CALL;Sep-26;11,50;-;1
BBVA;CALL;Sep-26;12,00;-;1
BBVA;CALL;Sep-26;12,50;-;52
BBVA;CALL;Sep-26;13,00;-;130
BBVA;CALL;Sep-26;14,00;-;55
BBVA;CALL;Sep-26;14,50;-;6
BBVA;CALL;Sep-26;15,00;-;603
BBVA;CALL;Sep-26;15,50;-;10
BBVA;CALL;Sep-26;16,00;-;90
BBVA;CALL;Sep-26;16,50;5;58
BBVA;CALL;Sep-26;17,00;-;4.954
BBVA;CALL;Sep-26;17,50;-;152
BBVA;CALL;Sep-26;18,00;-;85
BBVA;CALL;Sep-26;18,50;-;4
BBVA;CALL;Sep-26;19,00;-;4
BBVA;CALL;Sep-26;19,50;-;23
BBVA;CALL;Sep-26;20,00;-;2
BBVA;CALL;Sep-26;21,00;-;450
BBVA;CALL;Sep-26;22,00;-;150
BBVA;CALL;Sep-26;23,00;-;450
BBVA;CALL;Sep-26;26,00;-;50
BBVA;CALL;Dic-26;5,75;-;150
BBVA;CALL;Dic-26;6,00;-;10.150
BBVA;CALL;Dic-26;6,25;-;150
BBVA;CALL;Dic-26;6,50;-;13.250
BBVA;CALL;Dic-26;6,75;-;450
BBVA;CALL;Dic-26;7,00;-;300
BBVA;CALL;Dic-26;7,25;-;600
BBVA;CALL;Dic-26;7,50;-;450
BBVA;CALL;Dic-26;7,75;-;451
BBVA;CALL;Dic-26;8,00;-;18.450
BBVA;CALL;Dic-26;8,25;-;15
BBVA;CALL;Dic-26;8,50;-;25.000
BBVA;CALL;Dic-26;8,75;-;311
BBVA;CALL;Dic-26;9,00;-;14.933
BBVA;CALL;Dic-26;9,25;-;75
BBVA;CALL;Dic-26;9,50;-;76
BBVA;CALL;Dic-26;9,75;-;200
BBVA;CALL;Dic-26;10,00;-;226
BBVA;CALL;Dic-26;10,50;-;300
BBVA;CALL;Dic-26;11,00;-;481
BBVA;CALL;Dic-26;11,50;-;1
BBVA;CALL;Dic-26;12,00;-;160
BBVA;CALL;Dic-26;12,50;-;250
BBVA;CALL;Dic-26;13,00;-;42.061
BBVA;CALL;Dic-26;13,50;-;400
BBVA;CALL;Dic-26;14,00;5;676
BBVA;CALL;Dic-26;14,50;-;300
BBVA;CALL;Dic-26;15,00;-;3.762
BBVA;CALL;Dic-26;15,50;-;27
BBVA;CALL;Dic-26;16,00;10;97
BBVA;CALL;Dic-26;16,50;-;520
BBVA;CALL;Dic-26;17,00;-;8.732
BBVA;CALL;Dic-26;17,50;1;51
BBVA;CALL;Dic-26;18,00;-;20.168
BBVA;CALL;Dic-26;18,50;-;12
BBVA;CALL;Dic-26;19,00;-;2.506
BBVA;CALL;Dic-26;20,00;-;5.521
BBVA;CALL;Dic-26;21,00;-;150
BBVA;CALL;Dic-26;22,00;-;150
BBVA;CALL;Dic-26;23,00;-;600
BBVA;CALL;Mar-27;8,50;-;25
BBVA;CALL;Mar-27;8,75;-;25
BBVA;CALL;Mar-27;9,00;-;25
BBVA;CALL;Mar-27;9,25;-;25
BBVA;CALL;Mar-27;9,50;-;30
BBVA;CALL;Mar-27;9,75;-;25
BBVA;CALL;Mar-27;10,50;-;175
BBVA;CALL;Mar-27;11,00;-;175
BBVA;CALL;Mar-27;11,50;-;32.000
BBVA;CALL;Mar-27;12,00;-;40
BBVA;CALL;Mar-27;12,50;-;40
BBVA;CALL;Mar-27;13,00;-;20
BBVA;CALL;Mar-27;16,00;3.000;3.000
BBVA;CALL;Mar-27;16,50;-;350
BBVA;CALL;Mar-27;17,00;-;150
BBVA;CALL;Mar-27;17,50;-;150
BBVA;CALL;Mar-27;20,00;-;151
BBVA;CALL;Jun-27;4,30;-;1
BBVA;CALL;Jun-27;4,50;-;1
BBVA;CALL;Jun-27;4,90;-;150
BBVA;CALL;Jun-27;5,00;-;300
BBVA;CALL;Jun-27;5,25;-;298
BBVA;CALL;Jun-27;7,00;-;2
BBVA;CALL;Jun-27;8,00;-;1
BBVA;CALL;Jun-27;8,25;-;7
BBVA;CALL;Jun-27;9,00;-;7.000
BBVA;CALL;Jun-27;9,75;-;175
BBVA;CALL;Jun-27;10,00;-;10.000
BBVA;CALL;Jun-27;11,00;-;75
BBVA;CALL;Jun-27;12,50;-;197
BBVA;CALL;Jun-27;13,00;-;956
BBVA;CALL;Jun-27;13,50;-;150
BBVA;CALL;Jun-27;14,00;-;3
BBVA;CALL;Jun-27;14,50;-;400
BBVA;CALL;Jun-27;15,00;-;1.000
BBVA;CALL;Jun-27;16,50;-;150
BBVA;CALL;Jun-27;17,00;-;150
BBVA;CALL;Jun-27;17,50;-;150
BBVA;CALL;Jun-27;18,00;-;150
BBVA;CALL;Jun-27;19,00;-;150
BBVA;CALL;Jun-27;20,00;-;3
BBVA;CALL;Jun-27;23,00;-;150
BBVA;CALL;Sep-27;7,75;-;10
BBVA;CALL;Sep-27;16,00;-;304
BBVA;CALL;Sep-27;16,50;-;10
BBVA;CALL;Sep-27;17,00;-;379
BBVA;CALL;Sep-27;17,50;-;150
BBVA;CALL;Sep-27;18,00;-;150
BBVA;CALL;Dic-27;4,40;-;1
BBVA;CALL;Dic-27;4,90;-;150
BBVA;CALL;Dic-27;5,00;-;150
BBVA;CALL;Dic-27;6,50;-;10
BBVA;CALL;Dic-27;7,00;-;150
BBVA;CALL;Dic-27;7,25;-;150
BBVA;CALL;Dic-27;7,75;-;1
BBVA;CALL;Dic-27;8,25;-;150
BBVA;CALL;Dic-27;8,50;-;6.150
BBVA;CALL;Dic-27;8,75;-;1
BBVA;CALL;Dic-27;9,00;-;7.650
BBVA;CALL;Dic-27;9,25;-;150
BBVA;CALL;Dic-27;9,50;-;250
BBVA;CALL;Dic-27;9,75;-;150
BBVA;CALL;Dic-27;10,00;-;407
BBVA;CALL;Dic-27;10,50;-;300
BBVA;CALL;Dic-27;11,00;-;2.304
BBVA;CALL;Dic-27;12,00;-;3.300
BBVA;CALL;Dic-27;12,50;-;300
BBVA;CALL;Dic-27;13,00;-;10.000
BBVA;CALL;Dic-27;13,50;-;150
BBVA;CALL;Dic-27;14,00;-;150
BBVA;CALL;Dic-27;16,00;-;15.000
BBVA;CALL;Dic-27;16,50;-;174
BBVA;CALL;Dic-27;17,00;-;8.500
BBVA;CALL;Dic-27;17,50;-;292
BBVA;CALL;Dic-27;18,00;-;150
BBVA;CALL;Dic-27;20,00;-;150
BBVA;CALL;Dic-27;21,00;-;150
BBVA;CALL;Dic-27;22,00;-;10.302
BBVA;CALL;Dic-27;23,00;-;300
BBVA;CALL;Dic-27;25,00;-;1
BBVA;CALL;Mar-28;15,00;-;150
BBVA;CALL;Mar-28;15,50;-;150
BBVA;CALL;Mar-28;18,00;-;25
BBVA;CALL;Mar-28;20,00;-;150
BBVA;CALL;Mar-28;21,00;-;150
BBVA;CALL;Mar-28;22,00;-;150
BBVA;CALL;Mar-28;23,00;-;150
BBVA;CALL;Jun-28;18,00;-;1.250
BBVA;CALL;Jun-28;19,00;-;150
BBVA;CALL;Jun-28;20,00;-;300
BBVA;CALL;Jun-28;21,00;-;750
BBVA;CALL;Jun-28;22,00;-;1.350
BBVA;CALL;Jun-28;23,00;-;1.500
BBVA;CALL;Dic-28;12,50;-;1.500
BBVA;CALL;Dic-28;16,00;-;17
BBVA;CALL;Dic-28;20,00;-;90
BBVA;CALL;Dic-29;20,00;-;70
BBVA;PUT;May-26;17,00;-;20
BBVA;PUT;May-26;17,50;-;1
BBVA;PUT;May-26;18,00;-;70
BBVA;PUT;May-26;18,50;-;5
BBVA;PUT;May-26;19,00;-;18
BBVA;PUT;May-26;19,50;-;60
BBVA;PUT;May-26;19,50;-;30
BBVA;PUT;May-26;20,00;-;154
BBVA;PUT;May-26;20,00;-;56
BBVA;PUT;May-26;21,00;-;11
BBVA;PUT;May-26;21,00;-;3.234
BBVA;PUT;May-26;22,00;-;6.468
BBVA;PUT;Jun-26;17,00;-;10
BBVA;PUT;Jun-26;18,00;-;30
BBVA;PUT;Jun-26;19,00;-;10
BBVA;PUT;Jun-26;20,00;-;32
BBVA;PUT;Jun-26;20,00;-;22
BBVA;PUT;Jun-26;21,00;-;2
BBVA;PUT;Jun-26;22,00;-;4
BBVA;PUT;Jun-26;24,00;-;30
BBVA;PUT;Jun-26;25,00;-;2
BBVA;PUT;Jun-26;26,00;-;8
BBVA;PUT;Jun-26;27,00;-;16
BBVA;PUT;Jun-26;28,00;-;20
BBVA;PUT;Sep-26;12,00;-;10
BBVA;PUT;Sep-26;17,50;-;10
BBVA;PUT;Sep-26;19,00;-;1
BBVA;PUT;Sep-26;19,00;-;10
BBVA;PUT;Sep-26;20,00;-;10
BBVA;PUT;Sep-26;21,00;-;10
BBVA;PUT;Sep-26;22,00;-;160
BBVA;PUT;Dic-26;17,00;-;10
BBVA;PUT;Dic-26;19,00;-;10
BBVA;PUT;Dic-26;19,50;-;10
BBVA;PUT;Dic-26;21,00;-;10
BBVA;PUT;Dic-26;22,00;-;10
BBVA;PUT;Dic-26;24,00;-;10
BBVA;PUT;Dic-26;28,00;-;12
BBVA;CALL;May-26 w2 17,50;;-;6
BBVA;CALL;May-26;16,00;-;6
BBVA;CALL;May-26;16,50;-;20
BBVA;CALL;May-26;17,00;-;20
BBVA;CALL;May-26;18,00;-;35
BBVA;CALL;May-26;18,50;-;25
BBVA;CALL;May-26;19,00;-;55
BBVA;CALL;May-26;19,00;-;30
BBVA;CALL;May-26;19,50;-;25
BBVA;CALL;May-26;20,00;-;76
BBVA;CALL;May-26;21,00;-;10
BBVA;CALL;Jun-26;12,00;-;20
BBVA;CALL;Jun-26;16,00;-;20
BBVA;CALL;Jun-26;17,00;10;10
BBVA;CALL;Jun-26;18,00;-;25
BBVA;CALL;Jun-26;19,00;-;21
BBVA;CALL;Jun-26;19,50;-;12
BBVA;CALL;Jun-26;20,00;-;30
BBVA;CALL;Jun-26;21,00;-;10
BBVA;CALL;Sep-26;9,50;-;600
BBVA;CALL;Sep-26;10,50;-;700
BBVA;CALL;Sep-26;16,00;-;10
BBVA;CALL;Sep-26;17,00;-;20
BBVA;CALL;Sep-26;18,00;-;10
BBVA;CALL;Sep-26;19,00;-;10
BBVA;CALL;Sep-26;20,00;-;10
BBVA;CALL;Dic-26;7,25;-;150
BBVA;CALL;Dic-26;8,50;-;150
BBVA;CALL;Dic-26;8,75;-;150
BBVA;CALL;Dic-26;9,00;-;150
BBVA;CALL;Dic-26;10,00;-;40
BBVA;CALL;Dic-26;17,00;-;23
BBVA;CALL;Dic-26;17,50;-;1
BBVA;CALL;Dic-26;22,00;-;3
BBVA;CALL;Dic-26;23,00;-;1
BBVA;CALL;Mar-27;14,50;-;10
BBVA;CALL;Mar-27;18,00;-;1
CAIXABANK;CALL;May-26;9,00;-;3
CAIXABANK;CALL;May-26;9,25;-;6
CAIXABANK;CALL;May-26;9,50;-;10
CAIXABANK;CALL;May-26;9,75;-;6
CAIXABANK;CALL;May-26;10,00;-;21
CAIXABANK;CALL;May-26;10,50;-;100
CAIXABANK;CALL;May-26;11,50;-;11
CAIXABANK;CALL;Jun-26;3,20;-;25
CAIXABANK;CALL;Jun-26;3,40;-;25
CAIXABANK;CALL;Jun-26;4,90;-;27
CAIXABANK;CALL;Jun-26;5,50;-;42.005
CAIXABANK;CALL;Jun-26;6,00;-;20.000
CAIXABANK;CALL;Jun-26;6,75;-;5
CAIXABANK;CALL;Jun-26;7,00;-;2
CAIXABANK;CALL;Jun-26;8,00;-;20
CAIXABANK;CALL;Jun-26;8,25;-;252
CAIXABANK;CALL;Jun-26;8,50;-;222
CAIXABANK;CALL;Jun-26;8,75;-;1
CAIXABANK;CALL;Jun-26;9,00;-;1
CAIXABANK;CALL;Jun-26;9,25;-;1
CAIXABANK;CALL;Jun-26;9,50;-;20
CAIXABANK;CALL;Jun-26;9,75;-;10
CAIXABANK;CALL;Jun-26;10,00;10;30
CAIXABANK;CALL;Jun-26;10,50;-;2
CAIXABANK;CALL;Jun-26;11,00;-;10
CAIXABANK;CALL;Jul-26;8,50;-;2
CAIXABANK;CALL;Sep-26;5,50;-;70.900
CAIXABANK;CALL;Sep-26;7,75;-;3
CAIXABANK;CALL;Sep-26;8,00;-;174
CAIXABANK;CALL;Sep-26;8,50;-;1.001
CAIXABANK;CALL;Sep-26;9,00;-;1
CAIXABANK;CALL;Sep-26;10,50;-;3
CAIXABANK;CALL;Sep-26;11,00;-;8
CAIXABANK;CALL;Sep-26;11,50;-;1
CAIXABANK;CALL;Dic-26;5,25;-;75
CAIXABANK;CALL;Dic-26;6,75;-;40.000
CAIXABANK;CALL;Dic-26;7,25;-;1
CAIXABANK;CALL;Dic-26;8,00;-;100
CAIXABANK;CALL;Dic-26;8,25;-;100
CAIXABANK;CALL;Dic-26;8,50;-;103
CAIXABANK;CALL;Dic-26;8,75;-;10
CAIXABANK;CALL;Dic-26;9,00;-;11
CAIXABANK;CALL;Dic-26;9,50;-;2
CAIXABANK;CALL;Dic-26;10,00;-;76
CAIXABANK;CALL;Dic-26;10,50;-;1.003
CAIXABANK;CALL;Dic-26;11,00;-;40
CAIXABANK;CALL;Dic-26;11,50;-;1
CAIXABANK;CALL;Mar-27;6,00;-;19.000
CAIXABANK;CALL;Mar-27;6,50;-;49.800
CAIXABANK;CALL;Mar-27;8,75;-;350
CAIXABANK;CALL;Mar-27;10,00;-;251
CAIXABANK;CALL;Mar-27;11,50;-;1
CAIXABANK;CALL;Jun-27;10,00;-;4.000
CAIXABANK;CALL;Jun-27;10,50;-;150
CAIXABANK;CALL;Dic-27;3,50;-;1
CAIXABANK;CALL;Dic-27;4,20;-;1
CAIXABANK;CALL;Dic-27;5,50;-;160
CAIXABANK;CALL;Dic-27;5,75;-;1
CAIXABANK;CALL;Dic-27;6,00;-;150
CAIXABANK;CALL;Dic-27;8,00;-;150
CAIXABANK;CALL;Dic-27;8,25;-;225
CAIXABANK;CALL;Dic-27;8,50;-;150
CAIXABANK;CALL;Dic-27;8,75;-;150
CAIXABANK;CALL;Dic-27;9,00;-;150
CAIXABANK;CALL;Dic-27;9,25;-;150
CAIXABANK;CALL;Dic-27;9,50;-;150
CAIXABANK;CALL;Dic-27;9,75;-;150
CAIXABANK;CALL;Dic-27;10,00;-;150
CAIXABANK;CALL;Jun-28;8,50;-;150
CAIXABANK;CALL;Jun-28;9,00;-;150
CAIXABANK;CALL;Jun-28;9,25;-;150
CAIXABANK;CALL;Jun-28;9,50;-;300
CAIXABANK;CALL;Jun-28;9,75;-;150
CAIXABANK;CALL;Jun-28;10,00;-;150
CAIXABANK;CALL;Dic-28;4,50;-;15.000
CAIXABANK;CALL;Dic-28;8,75;-;450
CAIXABANK;CALL;Dic-28;11,50;-;400
CAIXABANK;CALL;Dic-29;5,00;-;16.000
CAIXABANK;PUT;May-26;11,50;-;5.294
CAIXABANK;PUT;May-26;12,00;-;10.588
CAIXABANK;PUT;Jun-26;8,50;-;25
CAIXABANK;PUT;Jun-26;8,75;-;100
CAIXABANK;PUT;Jun-26;11,00;-;1
CAIXABANK;CALL;Jun-26;9,50;-;10
CAIXABANK;CALL;Jun-26;10,00;-;10
CELLNEX;CALL;May-26;23,00;-;11
CELLNEX;CALL;May-26;24,00;-;31
CELLNEX;CALL;May-26;25,00;6;54
CELLNEX;CALL;May-26;26,00;-;64
CELLNEX;CALL;May-26;27,00;-;8
CELLNEX;CALL;May-26;28,00;-;10
CELLNEX;CALL;May-26;32,00;-;10
CELLNEX;CALL;Jun-26;19,00;-;10
CELLNEX;CALL;Jun-26;22,00;-;1
CELLNEX;CALL;Jun-26;23,00;3;2.141
CELLNEX;CALL;Jun-26;24,00;-;3.810
CELLNEX;CALL;Jun-26;25,00;-;117
CELLNEX;CALL;Jun-26;26,00;-;212
CELLNEX;CALL;Jun-26;27,00;-;133
CELLNEX;CALL;Jun-26;28,00;-;4
CELLNEX;CALL;Jun-26;29,00;-;1
CELLNEX;CALL;Jun-26;30,00;-;14
CELLNEX;CALL;Jun-26;31,00;-;82
CELLNEX;CALL;Jun-26;32,00;-;157
CELLNEX;CALL;Jun-26;33,00;-;1
CELLNEX;CALL;Jul-26;22,00;-;11
CELLNEX;CALL;Jul-26;23,00;-;5
CELLNEX;CALL;Jul-26;24,00;10;10
CELLNEX;CALL;Jul-26;25,00;-;1
CELLNEX;CALL;Sep-26;20,00;-;1
CELLNEX;CALL;Sep-26;21,00;-;10
CELLNEX;CALL;Sep-26;22,00;-;45
CELLNEX;CALL;Sep-26;23,00;-;13
CELLNEX;CALL;Sep-26;24,00;-;231
CELLNEX;CALL;Sep-26;25,00;-;70
CELLNEX;CALL;Sep-26;26,00;-;87
CELLNEX;CALL;Sep-26;27,00;-;50
CELLNEX;CALL;Sep-26;28,00;-;61
CELLNEX;CALL;Sep-26;29,00;-;28
CELLNEX;CALL;Sep-26;30,00;-;1
CELLNEX;CALL;Dic-26;18,00;-;2.000
CELLNEX;CALL;Dic-26;20,00;-;20
CELLNEX;CALL;Dic-26;21,00;-;225
CELLNEX;CALL;Dic-26;22,00;-;129
CELLNEX;CALL;Dic-26;23,00;-;1.479
CELLNEX;CALL;Dic-26;24,00;-;2.501
CELLNEX;CALL;Dic-26;25,00;-;60
CELLNEX;CALL;Dic-26;26,00;25;102
CELLNEX;CALL;Dic-26;27,00;-;54
CELLNEX;CALL;Dic-26;29,00;-;3
CELLNEX;CALL;Dic-26;30,00;-;1
CELLNEX;CALL;Dic-26;32,00;-;50
CELLNEX;CALL;Dic-26;33,00;-;25
CELLNEX;CALL;Dic-26;34,00;-;50
CELLNEX;CALL;Dic-26;36,00;-;25
CELLNEX;CALL;Dic-26;38,00;-;25
CELLNEX;CALL;Dic-26;39,00;-;50
CELLNEX;CALL;Dic-26;40,00;-;50
CELLNEX;CALL;Mar-27;20,00;-;1
CELLNEX;CALL;Mar-27;23,00;-;1
CELLNEX;CALL;Mar-27;24,00;-;2
CELLNEX;CALL;Mar-27;25,00;-;75
CELLNEX;CALL;Mar-27;26,00;25;25
CELLNEX;CALL;Mar-27;28,00;-;5
CELLNEX;CALL;Mar-27;30,00;-;10
CELLNEX;CALL;Mar-27;31,00;-;2
CELLNEX;CALL;Mar-27;36,00;-;25
CELLNEX;CALL;Mar-27;37,00;-;25
CELLNEX;CALL;Mar-27;38,00;-;25
CELLNEX;CALL;Jun-27;22,00;-;1
CELLNEX;CALL;Jun-27;24,00;-;50
CELLNEX;CALL;Jun-27;26,00;-;1.500
CELLNEX;CALL;Jun-27;30,00;-;25
CELLNEX;CALL;Jun-27;31,00;-;75
CELLNEX;CALL;Jun-27;32,00;-;50
CELLNEX;CALL;Jun-27;33,00;-;50
CELLNEX;CALL;Jun-27;34,00;-;100
CELLNEX;CALL;Jun-27;35,00;-;100
CELLNEX;CALL;Jun-27;36,00;-;125
CELLNEX;CALL;Jun-27;37,00;-;100
CELLNEX;CALL;Jun-27;38,00;-;100
CELLNEX;CALL;Jun-27;39,00;-;75
CELLNEX;CALL;Jun-27;40,00;-;100
CELLNEX;CALL;Jun-27;41,00;-;2
CELLNEX;CALL;Sep-27;21,00;-;1
CELLNEX;CALL;Sep-27;36,00;-;25
CELLNEX;CALL;Sep-27;37,00;-;25
CELLNEX;CALL;Dic-27;21,00;-;1
CELLNEX;CALL;Dic-27;30,00;-;75
CELLNEX;CALL;Dic-27;31,00;-;50
CELLNEX;CALL;Dic-27;32,00;-;26
CELLNEX;CALL;Dic-27;33,00;-;25
CELLNEX;CALL;Dic-27;34,00;-;25
CELLNEX;CALL;Mar-28;21,00;-;25
CELLNEX;CALL;Mar-28;22,00;-;100
CELLNEX;CALL;Mar-28;24,00;-;100
CELLNEX;PUT;Jun-26;28,00;-;110
CELLNEX;PUT;Jun-26;30,00;-;60
CELLNEX;PUT;Jun-26;33,00;-;25
CELLNEX;PUT;Jun-26;34,00;-;945
CELLNEX;PUT;Jun-26;35,00;-;875
CELLNEX;PUT;Sep-26;28,00;-;25
CELLNEX;PUT;Sep-26;31,00;-;25
CELLNEX;PUT;Sep-26;32,00;-;25
CELLNEX;PUT;Sep-26;33,00;-;25
CELLNEX;PUT;Dic-26;28,00;-;50
CELLNEX;PUT;Dic-26;29,00;-;2
CELLNEX;PUT;Dic-26;32,00;-;50
CELLNEX;CALL;May-26;28,00;-;10
CELLNEX;CALL;Jun-26;24,00;-;1
CELLNEX;CALL;Jun-26;25,00;-;3
CELLNEX;CALL;Jun-26;30,00;-;70
CELLNEX;CALL;Sep-26;24,00;-;1
CELLNEX;CALL;Sep-26;25,00;-;10
CIE;CALL;May-26;27,00;-;2
CIE;CALL;Jun-26;26,00;-;1
CIE;CALL;Jun-26;28,00;-;10
CIE;CALL;Jun-26;29,00;-;42
CIE;CALL;Jun-26;30,00;-;10
COLONIAL;CALL;May-26;4,80;-;2
COLONIAL;CALL;May-26;4,90;-;8
COLONIAL;CALL;May-26;5,00;-;6
COLONIAL;CALL;May-26;5,50;-;1
COLONIAL;CALL;Jun-26;4,60;-;3
COLONIAL;CALL;Jun-26;4,70;-;12
COLONIAL;CALL;Jun-26;4,80;-;2
COLONIAL;CALL;Jun-26;4,90;-;11
COLONIAL;CALL;Jun-26;5,00;-;272
COLONIAL;CALL;Jun-26;5,25;-;9
COLONIAL;CALL;Jun-26;5,50;-;50
COLONIAL;CALL;Jun-26;5,75;-;75
COLONIAL;CALL;Jun-26;6,00;-;5
COLONIAL;CALL;Sep-26;4,70;-;1
COLONIAL;CALL;Sep-26;4,80;-;10
COLONIAL;CALL;Sep-26;5,00;-;221
COLONIAL;CALL;Sep-26;5,50;-;9
COLONIAL;CALL;Dic-26;4,00;-;1
COLONIAL;CALL;Dic-26;4,30;-;2.000
COLONIAL;CALL;Dic-26;4,80;-;2
COLONIAL;CALL;Dic-26;4,90;-;2
COLONIAL;CALL;Dic-26;5,00;-;10
COLONIAL;CALL;Dic-26;5,25;-;952
COLONIAL;CALL;Dic-26;5,50;-;100
COLONIAL;CALL;Mar-27;4,80;-;1
COLONIAL;CALL;Mar-27;4,90;-;1
COLONIAL;CALL;Mar-27;5,00;-;100
COLONIAL;CALL;Mar-27;5,50;-;4
COLONIAL;PUT;Jun-26;5,00;-;1
EBRO;CALL;May-26;18,00;-;1
EBRO;CALL;May-26;18,50;-;1
EBRO;CALL;Jun-26;16,00;-;1
EBRO;CALL;Jun-26;16,50;-;3
EBRO;CALL;Jun-26;17,00;-;1
EBRO;CALL;Jun-26;17,50;-;3
EBRO;CALL;Jun-26;18,00;-;3
EBRO;CALL;Sep-26;17,00;-;1
EBRO;CALL;Sep-26;17,50;-;1
EBRO;CALL;Dic-26;18,50;-;2
ENAGAS;CALL;May-26;14,50;-;10
ENAGAS;CALL;May-26;15,00;-;1
ENAGAS;CALL;May-26;15,50;-;10
ENAGAS;CALL;May-26;16,00;-;2
ENAGAS;CALL;May-26;16,50;-;51
ENAGAS;CALL;May-26;17,00;-;10
ENAGAS;CALL;Jun-26;10,00;-;20.000
ENAGAS;CALL;Jun-26;11,50;-;1
ENAGAS;CALL;Jun-26;12,00;-;61
ENAGAS;CALL;Jun-26;12,50;-;1.511
ENAGAS;CALL;Jun-26;13,00;-;284
ENAGAS;CALL;Jun-26;13,50;-;387
ENAGAS;CALL;Jun-26;14,00;-;329
ENAGAS;CALL;Jun-26;14,50;-;185
ENAGAS;CALL;Jun-26;15,00;-;36
ENAGAS;CALL;Jun-26;15,50;-;2
ENAGAS;CALL;Jun-26;16,00;-;25
ENAGAS;CALL;Jun-26;16,50;-;5
ENAGAS;CALL;Jun-26;17,00;-;1
ENAGAS;CALL;Jul-26;16,00;-;55
ENAGAS;CALL;Jul-26;17,00;-;1
ENAGAS;CALL;Sep-26;12,00;-;6
ENAGAS;CALL;Sep-26;12,50;-;12
ENAGAS;CALL;Sep-26;13,00;-;217
ENAGAS;CALL;Sep-26;13,50;-;30
ENAGAS;CALL;Sep-26;14,00;-;44
ENAGAS;CALL;Sep-26;14,50;-;1
ENAGAS;CALL;Sep-26;15,00;-;25
ENAGAS;CALL;Sep-26;15,50;-;45
ENAGAS;CALL;Sep-26;16,00;-;7
ENAGAS;CALL;Sep-26;16,50;-;10
ENAGAS;CALL;Sep-26;17,50;-;3
ENAGAS;CALL;Dic-26;12,00;-;150
ENAGAS;CALL;Dic-26;12,50;-;2
ENAGAS;CALL;Dic-26;13,00;-;227
ENAGAS;CALL;Dic-26;13,50;-;51
ENAGAS;CALL;Dic-26;14,00;-;280
ENAGAS;CALL;Dic-26;14,50;-;126
ENAGAS;CALL;Dic-26;15,00;-;552
ENAGAS;CALL;Dic-26;15,50;-;25
ENAGAS;CALL;Mar-27;12,00;-;1
ENAGAS;CALL;Mar-27;14,00;-;208
ENAGAS;CALL;Mar-27;14,50;30;31
ENAGAS;CALL;Mar-27;15,00;-;25
ENAGAS;CALL;Mar-27;16,00;-;400
ENAGAS;CALL;Mar-27;17,00;-;11
ENAGAS;CALL;Jun-27;17,50;-;25
ENAGAS;CALL;Sep-27;12,50;-;470
ENAGAS;CALL;Sep-27;13,00;-;25
ENAGAS;CALL;Sep-27;13,50;-;1
ENAGAS;CALL;Sep-27;17,00;-;25
ENAGAS;CALL;Dic-27;11,00;-;4.100
ENAGAS;CALL;Mar-28;14,50;-;173
ENAGAS;PUT;Jun-26;16,00;-;5
ENAGAS;PUT;Sep-26;12,50;-;25
ENAGAS;PUT;Sep-26;13,50;-;5
ENAGAS;PUT;Sep-26;14,00;-;6
ENAGAS;PUT;Sep-26;17,50;-;1
ENAGAS;PUT;Sep-26;18,00;-;28
ENAGAS;PUT;Mar-27;17,00;-;10
ENAGAS;CALL;May-26;16,00;-;2
ENAGAS;CALL;May-26;16,50;-;1
ENAGAS;CALL;Jun-26;12,50;-;25
ENAGAS;CALL;Jun-26;13,50;-;29
ENAGAS;CALL;Jun-26;14,50;-;8
ENAGAS;CALL;Jun-26;15,00;-;50
ENAGAS;CALL;Jun-26;16,00;-;1
ENAGAS;CALL;Sep-26;11,00;-;1
ENAGAS;CALL;Sep-26;12,50;-;60
ENAGAS;CALL;Sep-26;14,00;-;25
ENAGAS;CALL;Sep-26;15,50;-;25
ENAGAS;CALL;Sep-26;17,00;-;25
ENAGAS;CALL;Dic-26;13,00;-;25
ENAGAS;CALL;Dic-26;13,50;-;50
ENAGAS;CALL;Dic-26;14,00;-;25
ENAGAS;CALL;Mar-27;14,50;-;50
ENDESA;CALL;May-26;34,00;-;152
ENDESA;CALL;May-26;35,00;-;1
ENDESA;CALL;May-26;37,00;7;18
ENDESA;CALL;Jun-26;23,00;-;4
ENDESA;CALL;Jun-26;24,00;-;4
ENDESA;CALL;Jun-26;27,00;-;10
ENDESA;CALL;Jun-26;29,00;-;157
ENDESA;CALL;Jun-26;31,00;-;1
ENDESA;CALL;Jun-26;32,00;-;147
ENDESA;CALL;Jun-26;34,00;-;25
ENDESA;CALL;Jun-26;35,00;2;3
ENDESA;CALL;Jun-26;36,00;1;1
ENDESA;CALL;Sep-26;25,00;-;4
ENDESA;CALL;Sep-26;27,00;-;445
ENDESA;CALL;Sep-26;28,00;-;19
ENDESA;CALL;Sep-26;29,00;-;148
ENDESA;CALL;Sep-26;30,00;-;147
ENDESA;CALL;Sep-26;31,00;-;146
ENDESA;CALL;Sep-26;35,00;-;25
ENDESA;CALL;Sep-26;36,00;-;50
ENDESA;CALL;Sep-26;37,00;-;30
ENDESA;CALL;Sep-26;38,00;-;5
ENDESA;CALL;Sep-26;41,00;-;5
ENDESA;CALL;Sep-26;43,00;-;5
ENDESA;CALL;Dic-26;19,00;-;15
ENDESA;CALL;Dic-26;28,00;-;25
ENDESA;CALL;Dic-26;30,00;-;10
ENDESA;CALL;Dic-26;32,00;-;10
ENDESA;CALL;Dic-26;33,00;10;35
ENDESA;CALL;Dic-26;34,00;-;1
ENDESA;CALL;Jun-27;15,50;-;5
ENDESA;CALL;Jun-27;22,00;-;10
ENDESA;CALL;Jun-27;34,00;-;18
ENDESA;CALL;Jun-27;37,00;-;3
ENDESA;CALL;Jun-27;38,00;-;4
ENDESA;CALL;Dic-27;17,50;-;1
ENDESA;CALL;Dic-27;27,00;-;1
ENDESA;CALL;Dic-27;30,00;-;5
ENDESA;CALL;Dic-27;31,00;-;30
ENDESA;CALL;Dic-27;32,00;-;5
ENDESA;CALL;Dic-27;34,00;-;5
ENDESA;CALL;Mar-28;22,00;-;150
ENDESA;CALL;Mar-28;24,00;-;150
ENDESA;CALL;Mar-28;26,00;-;150
ENDESA;CALL;Mar-28;27,00;-;150
ENDESA;CALL;Mar-28;28,00;-;150
ENDESA;CALL;Jun-28;25,00;-;150
ENDESA;CALL;Jun-28;26,00;-;150
ENDESA;CALL;Jun-28;27,00;-;293
ENDESA;CALL;Jun-28;29,00;-;143
ENDESA;CALL;Jun-28;30,00;-;143
ENDESA;CALL;Jun-28;31,00;-;142
ENDESA;CALL;Jun-28;32,00;-;142
ENDESA;CALL;Jun-28;33,00;-;142
ENDESA;CALL;Dic-28;31,00;-;16
ENDESA;PUT;Sep-26;17,00;-;25
ENDESA;PUT;Sep-26;34,00;-;25
ENDESA;PUT;Sep-26;34,00;-;25
ENDESA;CALL;May-26;37,00;-;10
ENDESA;CALL;Jun-26;22,00;-;1
ENDESA;CALL;Sep-26;24,00;-;25
ENDESA;CALL;Sep-26;25,00;-;25
ENDESA;CALL;Sep-26;26,00;-;25
ENDESA;CALL;Sep-26;26,00;-;25
ENDESA;CALL;Sep-26;34,00;-;25
ENDESA;CALL;Sep-26;35,00;-;50
ENDESA;CALL;Sep-26;35,00;-;25
ENDESA;CALL;Sep-26;36,00;-;25
ENDESA;CALL;Sep-26;37,00;-;50
ENDESA;CALL;Dic-26;32,00;-;8
FERROVIAL;CALL;May-26;48,00;-;1
FERROVIAL;CALL;May-26;50,00;-;1
FERROVIAL;CALL;May-26;54,00;-;5
FERROVIAL;CALL;May-26;56,00;-;100
FERROVIAL;CALL;Jun-26;35,00;-;1
FERROVIAL;CALL;Jun-26;36,00;-;1
FERROVIAL;CALL;Jun-26;37,00;-;1
FERROVIAL;CALL;Jun-26;46,00;-;6.350
FERROVIAL;CALL;Jun-26;47,00;-;26
FERROVIAL;CALL;Jun-26;48,00;-;4.030
FERROVIAL;CALL;Jun-26;50,00;-;6
FERROVIAL;CALL;Jun-26;52,00;-;50
FERROVIAL;CALL;Jun-26;54,00;-;10.000
FERROVIAL;CALL;Jun-26;56,00;-;50
FERROVIAL;CALL;Jun-26;58,00;-;1.750
FERROVIAL;CALL;Jun-26;60,00;-;25
FERROVIAL;CALL;Jun-26;62,00;-;50
FERROVIAL;CALL;Jun-26;64,00;-;50
FERROVIAL;CALL;Jul-26;58,00;-;10
FERROVIAL;CALL;Sep-26;36,00;-;25
FERROVIAL;CALL;Sep-26;42,00;-;25
FERROVIAL;CALL;Sep-26;45,00;-;25
FERROVIAL;CALL;Sep-26;48,00;-;25
FERROVIAL;CALL;Sep-26;49,00;-;5
FERROVIAL;CALL;Sep-26;50,00;-;5
FERROVIAL;CALL;Sep-26;52,00;-;3.000
FERROVIAL;CALL;Sep-26;54,00;-;5
FERROVIAL;CALL;Sep-26;58,00;-;25
FERROVIAL;CALL;Sep-26;64,00;-;25
FERROVIAL;CALL;Dic-26;44,00;-;1
FERROVIAL;CALL;Dic-26;49,00;-;25
FERROVIAL;CALL;Dic-26;50,00;-;25
FERROVIAL;CALL;Dic-26;54,00;-;26
FERROVIAL;CALL;Dic-26;56,00;-;25
FERROVIAL;CALL;Mar-27;39,00;-;100
FERROVIAL;CALL;Mar-27;45,00;-;25
FERROVIAL;CALL;Mar-27;46,00;-;25
FERROVIAL;CALL;Mar-27;47,00;-;25
FERROVIAL;CALL;Mar-27;48,00;-;25
FERROVIAL;CALL;Mar-27;49,00;-;75
FERROVIAL;CALL;Mar-27;50,00;-;150
FERROVIAL;CALL;Mar-27;54,00;-;25
FERROVIAL;CALL;Mar-27;56,00;-;25
FERROVIAL;CALL;Mar-27;58,00;-;25
FERROVIAL;CALL;Jun-27;60,00;-;5
FERROVIAL;CALL;Sep-27;44,00;-;1
FERROVIAL;CALL;Sep-27;47,00;-;25
FERROVIAL;CALL;Sep-27;48,00;-;50
FERROVIAL;CALL;Dic-27;35,00;-;1
FERROVIAL;CALL;Dic-27;45,00;-;25
FERROVIAL;CALL;Dic-27;54,00;-;500
FERROVIAL;CALL;Jun-28;47,00;-;25
FERROVIAL;CALL;Jun-28;48,00;-;25
FERROVIAL;CALL;Jun-28;49,00;-;25
FERROVIAL;CALL;Jun-28;50,00;-;25
FERROVIAL;CALL;Jun-28;52,00;-;25
FERROVIAL;PUT;Sep-26;60,00;-;35
FERROVIAL;PUT;Dic-26;60,00;-;60
FERROVIAL;CALL;Jun-26;52,00;-;40
FERROVIAL;CALL;Jun-26;54,00;-;15
FERROVIAL;CALL;Jun-26;60,00;-;40
FERROVIAL;CALL;Sep-26;54,00;-;15
FERROVIAL;CALL;Sep-26;60,00;-;20
FERROVIAL;CALL;Sep-26;62,00;-;115
FERROVIAL;CALL;Sep-26;64,00;-;45
FERROVIAL;CALL;Dic-26;49,00;-;25
FERROVIAL;CALL;Dic-26;50,00;-;25
FERROVIAL;CALL;Mar-27;40,00;-;300
FLUIDRA;CALL;May-26;17,50;-;1
FLUIDRA;CALL;May-26;18,00;-;2
FLUIDRA;CALL;May-26;20,00;-;3
FLUIDRA;CALL;Jun-26;17,00;-;1
FLUIDRA;CALL;Jun-26;18,00;-;1
FLUIDRA;CALL;Jun-26;19,00;-;1
FLUIDRA;CALL;Jun-26;20,00;-;1
FLUIDRA;CALL;Jun-26;22,00;-;15
FLUIDRA;CALL;Jun-26;23,00;-;6
FLUIDRA;CALL;Jul-26;19,00;-;2
FLUIDRA;CALL;Sep-26;28,00;-;11
FLUIDRA;CALL;Dic-26;18,00;-;600
FLUIDRA;CALL;Dic-26;21,00;-;7
FLUIDRA;CALL;Dic-26;27,00;-;11
GRIFOLS;CALL;May-26;7,25;-;12
GRIFOLS;CALL;May-26;7,50;-;6
GRIFOLS;CALL;May-26;7,75;-;1
GRIFOLS;CALL;May-26;8,00;-;110
GRIFOLS;CALL;May-26;8,25;-;335
GRIFOLS;CALL;May-26;8,50;-;67
GRIFOLS;CALL;May-26;8,75;-;275
GRIFOLS;CALL;May-26;9,00;-;177
GRIFOLS;CALL;May-26;9,25;3;283
GRIFOLS;CALL;May-26;9,50;-;123
GRIFOLS;CALL;May-26;9,75;-;10
GRIFOLS;CALL;May-26;10,00;-;54
GRIFOLS;CALL;May-26;10,50;-;5
GRIFOLS;CALL;May-26;11,00;-;16
GRIFOLS;CALL;Jun-26;5,75;-;40
GRIFOLS;CALL;Jun-26;6,25;-;5
GRIFOLS;CALL;Jun-26;6,75;-;2
GRIFOLS;CALL;Jun-26;7,00;-;2
GRIFOLS;CALL;Jun-26;7,50;-;46
GRIFOLS;CALL;Jun-26;7,75;-;4
GRIFOLS;CALL;Jun-26;8,00;-;59
GRIFOLS;CALL;Jun-26;8,25;5;379
GRIFOLS;CALL;Jun-26;8,50;-;129
GRIFOLS;CALL;Jun-26;8,75;-;82
GRIFOLS;CALL;Jun-26;9,00;3;81
GRIFOLS;CALL;Jun-26;9,25;-;327
GRIFOLS;CALL;Jun-26;9,50;1;140
GRIFOLS;CALL;Jun-26;9,75;-;277
GRIFOLS;CALL;Jun-26;10,00;-;104
GRIFOLS;CALL;Jun-26;10,50;-;826
GRIFOLS;CALL;Jun-26;11,00;-;430
GRIFOLS;CALL;Jun-26;11,50;-;21
GRIFOLS;CALL;Jun-26;12,00;-;34
GRIFOLS;CALL;Jun-26;12,50;-;15
GRIFOLS;CALL;Jun-26;14,00;-;4
GRIFOLS;CALL;Jun-26;17,00;-;5
GRIFOLS;CALL;Jun-26;20,00;-;1
GRIFOLS;CALL;Jun-26;21,00;-;9
GRIFOLS;CALL;Jul-26;7,75;-;1
GRIFOLS;CALL;Jul-26;8,00;-;1
GRIFOLS;CALL;Jul-26;8,25;-;1
GRIFOLS;CALL;Jul-26;8,50;3;29
GRIFOLS;CALL;Jul-26;8,75;-;26
GRIFOLS;CALL;Jul-26;9,00;-;28
GRIFOLS;CALL;Jul-26;9,75;-;10
GRIFOLS;CALL;Sep-26;6,50;-;10
GRIFOLS;CALL;Sep-26;7,25;-;6
GRIFOLS;CALL;Sep-26;7,50;-;7
GRIFOLS;CALL;Sep-26;7,75;-;1
GRIFOLS;CALL;Sep-26;8,00;-;31
GRIFOLS;CALL;Sep-26;8,25;-;5
GRIFOLS;CALL;Sep-26;8,50;-;99
GRIFOLS;CALL;Sep-26;8,75;-;40
GRIFOLS;CALL;Sep-26;9,00;-;56
GRIFOLS;CALL;Sep-26;9,25;-;47
GRIFOLS;CALL;Sep-26;9,50;-;41
GRIFOLS;CALL;Sep-26;9,75;-;5
GRIFOLS;CALL;Sep-26;10,00;-;24
GRIFOLS;CALL;Sep-26;10,50;-;110
GRIFOLS;CALL;Sep-26;11,00;-;77
GRIFOLS;CALL;Sep-26;11,50;-;39
GRIFOLS;CALL;Sep-26;12,00;-;22
GRIFOLS;CALL;Sep-26;16,00;-;4
GRIFOLS;CALL;Dic-26;6,00;-;25
GRIFOLS;CALL;Dic-26;6,25;-;5
GRIFOLS;CALL;Dic-26;6,75;-;24
GRIFOLS;CALL;Dic-26;7,25;-;228
GRIFOLS;CALL;Dic-26;7,50;-;29
GRIFOLS;CALL;Dic-26;7,75;-;26
GRIFOLS;CALL;Dic-26;8,00;-;271
GRIFOLS;CALL;Dic-26;8,25;-;1
GRIFOLS;CALL;Dic-26;8,50;-;754
GRIFOLS;CALL;Dic-26;8,75;-;2
GRIFOLS;CALL;Dic-26;9,00;-;33
GRIFOLS;CALL;Dic-26;9,25;-;72
GRIFOLS;CALL;Dic-26;9,50;-;121
GRIFOLS;CALL;Dic-26;9,75;-;10
GRIFOLS;CALL;Dic-26;10,00;-;1.994
GRIFOLS;CALL;Dic-26;11,00;-;280
GRIFOLS;CALL;Dic-26;11,50;-;7
GRIFOLS;CALL;Dic-26;12,00;-;1
GRIFOLS;CALL;Dic-26;12,50;-;1
GRIFOLS;CALL;Dic-26;13,00;10;10
GRIFOLS;CALL;Dic-26;13,50;20;20
GRIFOLS;CALL;Mar-27;6,25;-;50
GRIFOLS;CALL;Mar-27;6,50;-;17
GRIFOLS;CALL;Mar-27;6,75;-;250
GRIFOLS;CALL;Mar-27;7,00;-;13
GRIFOLS;CALL;Mar-27;7,25;-;26
GRIFOLS;CALL;Mar-27;7,50;-;64
GRIFOLS;CALL;Mar-27;7,75;-;26
GRIFOLS;CALL;Mar-27;8,00;-;27
GRIFOLS;CALL;Mar-27;8,50;-;11
GRIFOLS;CALL;Mar-27;8,75;-;1
GRIFOLS;CALL;Mar-27;9,00;-;1.131
GRIFOLS;CALL;Mar-27;9,25;-;2
GRIFOLS;CALL;Mar-27;10,00;-;5
GRIFOLS;CALL;Mar-27;10,50;-;14
GRIFOLS;CALL;Mar-27;16,00;-;3
GRIFOLS;CALL;Jun-27;6,00;-;20
GRIFOLS;CALL;Jun-27;12,00;-;206
GRIFOLS;CALL;Jun-27;12,50;-;397
GRIFOLS;CALL;Jun-27;13,00;-;195
GRIFOLS;CALL;Dic-27;8,25;-;1
GRIFOLS;CALL;Dic-27;8,75;-;3
GRIFOLS;CALL;Dic-27;10,50;-;242
GRIFOLS;CALL;Dic-27;11,00;-;228
GRIFOLS;CALL;Dic-27;11,50;-;30
GRIFOLS;CALL;Mar-28;9,50;-;268
GRIFOLS;CALL;Jun-28;6,00;-;25
GRIFOLS;CALL;Jun-28;8,25;-;2
GRIFOLS;CALL;Dic-28;6,50;-;25
GRIFOLS;CALL;Dic-28;7,00;-;1
GRIFOLS;CALL;Dic-28;8,00;-;4
GRIFOLS;CALL;Jun-29;8,50;-;2
GRIFOLS;CALL;Dic-29;8,50;-;3
GRIFOLS;CALL;Dic-30;10,00;-;15
GRIFOLS;PUT;Jun-26;11,50;-;55
GRIFOLS;PUT;Dic-26;11,50;-;65
GRIFOLS;PUT;Dic-26;15,00;-;15
GRIFOLS;PUT;Jun-27;11,50;-;50
GRIFOLS;PUT;Dic-27;11,50;-;30
GRIFOLS;PUT;Jun-28;11,50;-;60
GRIFOLS;CALL;May-26;9,75;-;20
GRIFOLS;CALL;Jun-26;8,50;-;10
GRIFOLS;CALL;Jun-26;9,00;-;10
GRIFOLS;CALL;Sep-26;9,00;-;10
IAG;CALL;May-26;3,80;-;10
IAG;CALL;May-26;4,00;-;17
IAG;CALL;May-26;4,10;-;261
IAG;CALL;May-26;4,20;-;250
IAG;CALL;May-26;4,30;-;18
IAG;CALL;May-26;4,40;-;2
IAG;CALL;May-26;4,50;-;6
IAG;CALL;May-26;4,80;-;5
IAG;CALL;Jun-26;2,40;-;3
IAG;CALL;Jun-26;2,70;-;10
IAG;CALL;Jun-26;2,80;-;50
IAG;CALL;Jun-26;2,90;-;2
IAG;CALL;Jun-26;3,00;-;50
IAG;CALL;Jun-26;3,20;-;40
IAG;CALL;Jun-26;3,30;-;40
IAG;CALL;Jun-26;3,40;-;70
IAG;CALL;Jun-26;3,50;-;61
IAG;CALL;Jun-26;3,60;-;70
IAG;CALL;Jun-26;3,70;-;1
IAG;CALL;Jun-26;3,80;-;25
IAG;CALL;Jun-26;3,90;10;10
IAG;CALL;Jun-26;4,00;-;34
IAG;CALL;Jun-26;4,10;-;126
IAG;CALL;Jun-26;4,20;-;4
IAG;CALL;Jun-26;4,30;-;6
IAG;CALL;Jun-26;4,40;-;35
IAG;CALL;Jun-26;4,50;-;9
IAG;CALL;Jun-26;4,60;-;6
IAG;CALL;Jun-26;4,70;-;21
IAG;CALL;Jun-26;4,80;-;31
IAG;CALL;Jun-26;4,90;-;28
IAG;CALL;Jun-26;5,00;-;81
IAG;CALL;Jun-26;5,25;-;2
IAG;CALL;Jun-26;5,75;-;1
IAG;CALL;Jun-26;6,00;-;4
IAG;CALL;Jul-26;4,00;-;1
IAG;CALL;Sep-26;2,20;-;3
IAG;CALL;Sep-26;2,50;-;65
IAG;CALL;Sep-26;3,20;-;50
IAG;CALL;Sep-26;3,30;-;15
IAG;CALL;Sep-26;3,50;-;18
IAG;CALL;Sep-26;3,90;-;5
IAG;CALL;Sep-26;4,00;-;206
IAG;CALL;Sep-26;4,10;-;224
IAG;CALL;Sep-26;4,20;-;2
IAG;CALL;Sep-26;4,40;-;21
IAG;CALL;Sep-26;4,50;-;70
IAG;CALL;Sep-26;4,70;-;2
IAG;CALL;Sep-26;4,80;-;81
IAG;CALL;Sep-26;4,90;-;10
IAG;CALL;Sep-26;5,00;-;101
IAG;CALL;Sep-26;6,25;-;10
IAG;CALL;Dic-26;2,60;-;4
IAG;CALL;Dic-26;2,80;-;20
IAG;CALL;Dic-26;2,90;-;20
IAG;CALL;Dic-26;3,30;-;20
IAG;CALL;Dic-26;3,50;-;25
IAG;CALL;Dic-26;3,70;-;4
IAG;CALL;Dic-26;3,80;-;150
IAG;CALL;Dic-26;3,90;-;2
IAG;CALL;Dic-26;4,00;-;817
IAG;CALL;Dic-26;4,10;-;12
IAG;CALL;Dic-26;4,20;-;55
IAG;CALL;Dic-26;4,30;-;7
IAG;CALL;Dic-26;4,40;-;54
IAG;CALL;Dic-26;4,50;-;74
IAG;CALL;Dic-26;4,60;-;13
IAG;CALL;Dic-26;4,80;-;2
IAG;CALL;Dic-26;5,00;-;7
IAG;CALL;Dic-26;6,00;-;100
IAG;CALL;Mar-27;3,20;-;40
IAG;CALL;Mar-27;3,50;-;17
IAG;CALL;Mar-27;3,70;-;20
IAG;CALL;Mar-27;4,00;-;4
IAG;CALL;Mar-27;4,10;-;1
IAG;CALL;Mar-27;4,40;-;20
IAG;CALL;Mar-27;4,60;-;25
IAG;CALL;Mar-27;4,70;-;253
IAG;CALL;Mar-27;4,80;-;2
IAG;CALL;Mar-27;5,00;-;3
IAG;CALL;Jun-27;3,50;-;30
IAG;CALL;Jun-27;4,00;-;3
IAG;CALL;Jun-27;4,10;-;2
IAG;CALL;Jun-27;4,40;-;3
IAG;CALL;Jun-27;4,50;-;1
IAG;CALL;Jun-27;5,00;-;2
IAG;CALL;Sep-27;4,50;-;2
IAG;CALL;Dic-27;3,20;-;15.000
IAG;CALL;Dic-27;3,50;-;20
IAG;CALL;Dic-27;4,00;-;1
IAG;CALL;Dic-27;4,60;-;25
IAG;PUT;Jun-26;4,20;-;1
IAG;PUT;Dic-29;3,40;-;2
IAG;CALL;Sep-26;4,40;-;8
IBERDROLA;CALL;May-26;17,00;-;2
IBERDROLA;CALL;May-26;18,00;-;3
IBERDROLA;CALL;May-26;18,50;-;4
IBERDROLA;CALL;May-26;19,00;7;55.022
IBERDROLA;CALL;May-26;19,50;-;8
IBERDROLA;CALL;May-26;20,00;-;12.001
IBERDROLA;CALL;Jun-26;10,00;-;25
IBERDROLA;CALL;Jun-26;12,00;-;3
IBERDROLA;CALL;Jun-26;13,00;-;7.251
IBERDROLA;CALL;Jun-26;13,50;-;304
IBERDROLA;CALL;Jun-26;14,00;-;1.000
IBERDROLA;CALL;Jun-26;14,50;-;172
IBERDROLA;CALL;Jun-26;15,00;-;13.150
IBERDROLA;CALL;Jun-26;15,50;-;109
IBERDROLA;CALL;Jun-26;16,00;-;20.004
IBERDROLA;CALL;Jun-26;16,50;-;6.287
IBERDROLA;CALL;Jun-26;17,00;-;8.011
IBERDROLA;CALL;Jun-26;17,50;-;94.503
IBERDROLA;CALL;Jun-26;18,00;-;27.014
IBERDROLA;CALL;Jun-26;18,50;-;66.500
IBERDROLA;CALL;Jun-26;19,00;-;48.015
IBERDROLA;CALL;Jun-26;19,50;37.500;45.505
IBERDROLA;CALL;Jun-26;20,00;-;5.001
IBERDROLA;CALL;Jun-26;21,00;-;7
IBERDROLA;CALL;Jul-26;17,00;-;5
IBERDROLA;CALL;Jul-26;18,00;2;6
IBERDROLA;CALL;Jul-26;19,50;-;25.000
IBERDROLA;CALL;Sep-26;9,75;-;25
IBERDROLA;CALL;Sep-26;13,00;-;153
IBERDROLA;CALL;Sep-26;13,50;-;44
IBERDROLA;CALL;Sep-26;14,00;-;135
IBERDROLA;CALL;Sep-26;14,50;-;135
IBERDROLA;CALL;Sep-26;15,00;-;51
IBERDROLA;CALL;Sep-26;15,50;-;12
IBERDROLA;CALL;Sep-26;16,00;-;1
IBERDROLA;CALL;Sep-26;16,50;-;63
IBERDROLA;CALL;Sep-26;17,00;-;5.020
IBERDROLA;CALL;Sep-26;17,50;-;12
IBERDROLA;CALL;Sep-26;18,00;-;540
IBERDROLA;CALL;Sep-26;18,50;-;30.002
IBERDROLA;CALL;Sep-26;19,00;-;23.029
IBERDROLA;CALL;Sep-26;19,50;-;5
IBERDROLA;CALL;Sep-26;20,00;-;7
IBERDROLA;CALL;Sep-26;21,00;-;12
IBERDROLA;CALL;Dic-26;9,00;-;2.000
IBERDROLA;CALL;Dic-26;9,50;-;2
IBERDROLA;CALL;Dic-26;9,75;-;25
IBERDROLA;CALL;Dic-26;10,50;-;502
IBERDROLA;CALL;Dic-26;11,00;-;1.348
IBERDROLA;CALL;Dic-26;11,50;-;26
IBERDROLA;CALL;Dic-26;12,00;-;10.150
IBERDROLA;CALL;Dic-26;13,00;-;21
IBERDROLA;CALL;Dic-26;13,50;-;10.000
IBERDROLA;CALL;Dic-26;14,00;-;15.010
IBERDROLA;CALL;Dic-26;14,50;-;23
IBERDROLA;CALL;Dic-26;15,00;-;2
IBERDROLA;CALL;Dic-26;15,50;-;30
IBERDROLA;CALL;Dic-26;16,00;4;34.289
IBERDROLA;CALL;Dic-26;16,50;-;260
IBERDROLA;CALL;Dic-26;17,00;-;67.050
IBERDROLA;CALL;Dic-26;17,50;-;10.002
IBERDROLA;CALL;Dic-26;18,00;100;83.678
IBERDROLA;CALL;Dic-26;18,50;-;7.404
IBERDROLA;CALL;Dic-26;19,50;-;26
IBERDROLA;CALL;Dic-26;20,00;-;14.703
IBERDROLA;CALL;Dic-26;21,00;-;1
IBERDROLA;CALL;Mar-27;10,50;-;1
IBERDROLA;CALL;Mar-27;14,00;-;1
IBERDROLA;CALL;Mar-27;15,00;-;1
IBERDROLA;CALL;Mar-27;18,00;-;4
IBERDROLA;CALL;Mar-27;18,50;-;1
IBERDROLA;CALL;Mar-27;19,00;-;3
IBERDROLA;CALL;Mar-27;22,00;-;10
IBERDROLA;CALL;Jun-27;15,00;-;10
IBERDROLA;CALL;Jun-27;16,00;-;1.000
IBERDROLA;CALL;Jun-27;17,00;-;5.500
IBERDROLA;CALL;Jun-27;18,00;-;4
IBERDROLA;CALL;Jun-27;19,00;-;9
IBERDROLA;CALL;Jun-27;19,50;-;50
IBERDROLA;CALL;Jun-27;20,00;-;13
IBERDROLA;CALL;Sep-27;16,00;-;35.000
IBERDROLA;CALL;Sep-27;16,50;-;200
IBERDROLA;CALL;Sep-27;17,00;-;100
IBERDROLA;CALL;Sep-27;17,50;-;200
IBERDROLA;CALL;Sep-27;18,00;-;5.300
IBERDROLA;CALL;Sep-27;19,00;-;50
IBERDROLA;CALL;Sep-27;19,50;-;50
IBERDROLA;CALL;Sep-27;20,00;-;25
IBERDROLA;CALL;Dic-27;9,50;-;2.000
IBERDROLA;CALL;Dic-27;10,00;-;5
IBERDROLA;CALL;Dic-27;11,50;-;1.800
IBERDROLA;CALL;Dic-27;12,00;-;30.000
IBERDROLA;CALL;Dic-27;13,00;-;35.000
IBERDROLA;CALL;Dic-27;14,00;-;10.000
IBERDROLA;CALL;Dic-27;14,50;-;20.000
IBERDROLA;CALL;Dic-27;16,00;-;25.000
IBERDROLA;CALL;Dic-27;16,50;-;2
IBERDROLA;CALL;Dic-27;17,00;-;2.750
IBERDROLA;CALL;Dic-27;17,50;-;410
IBERDROLA;CALL;Dic-27;18,00;-;400
IBERDROLA;CALL;Dic-27;18,50;-;175
IBERDROLA;CALL;Dic-27;19,00;-;1.800
IBERDROLA;CALL;Dic-27;19,50;-;25
IBERDROLA;CALL;Dic-27;20,00;-;12
IBERDROLA;CALL;Mar-28;18,00;-;200
IBERDROLA;CALL;Dic-28;15,00;-;5.000
IBERDROLA;CALL;Dic-29;19,00;-;2
IBERDROLA;CALL;Dic-30;14,50;-;5
IBERDROLA;PUT;Jun-26;13,50;-;152
IBERDROLA;PUT;Jun-26;14,00;-;302
IBERDROLA;PUT;Jun-26;14,50;-;502
IBERDROLA;PUT;Jun-26;20,00;-;1
IBERDROLA;PUT;Jun-26;21,00;-;1
IBERDROLA;PUT;Dic-26;17,00;-;1
IBERDROLA;PUT;Dic-26;18,50;-;200
IBERDROLA;PUT;Dic-26;19,00;-;50
IBERDROLA;PUT;Dic-26;22,00;-;1
IBERDROLA;PUT;Dic-27;12,00;-;2.000
IBERDROLA;CALL;May-26;19,50;-;1
IBERDROLA;CALL;May-26;20,00;-;10
IBERDROLA;CALL;Jun-26;15,50;-;20
IBERDROLA;CALL;Jun-26;17,00;-;2
IBERDROLA;CALL;Jun-26;19,00;-;4
IBERDROLA;CALL;Jun-26;19,50;-;500
IBERDROLA;CALL;Jun-26;19,50;-;10
IBERDROLA;CALL;Jun-26;21,00;-;2
IBERDROLA;CALL;Sep-26;13,00;-;500
IBERDROLA;CALL;Sep-26;15,00;-;800
IBERDROLA;CALL;Sep-26;18,50;-;25
IBERDROLA;CALL;Dic-26;15,00;-;600
IBERDROLA;CALL;Dic-26;16,00;-;1
IBERDROLA;CALL;Dic-26;19,00;-;21
IBERDROLA;CALL;Dic-27;12,00;-;2.000
INDITEX;CALL;May-26;41,60;-;10
INDITEX;CALL;May-26;43,54;-;1
INDITEX;CALL;May-26;44,49;-;1
INDITEX;CALL;May-26;45,47;-;5
INDITEX;CALL;May-26;46,44;-;2
INDITEX;CALL;May-26;48,38;-;156
INDITEX;CALL;May-26;50,31;1;117
INDITEX;CALL;May-26;52,25;10;21
INDITEX;CALL;May-26;58,05;-;150
INDITEX;CALL;Jun-26;26,12;-;1
INDITEX;CALL;Jun-26;27,09;-;1
INDITEX;CALL;Jun-26;31,93;-;1
INDITEX;CALL;Jun-26;32,90;-;25
INDITEX;CALL;Jun-26;33,87;-;33
INDITEX;CALL;Jun-26;36,76;-;2
INDITEX;CALL;Jun-26;37,73;-;25
INDITEX;CALL;Jun-26;38,70;-;11
INDITEX;CALL;Jun-26;39,67;1;246
INDITEX;CALL;Jun-26;40,63;-;151
INDITEX;CALL;Jun-26;41,60;-;150
INDITEX;CALL;Jun-26;42,57;-;170
INDITEX;CALL;Jun-26;43,54;-;152
INDITEX;CALL;Jun-26;44,49;-;2.057
INDITEX;CALL;Jun-26;45,47;-;200
INDITEX;CALL;Jun-26;46,44;-;53
INDITEX;CALL;Jun-26;47,41;-;55
INDITEX;CALL;Jun-26;48,38;6;350
INDITEX;CALL;Jun-26;50,31;-;64
INDITEX;CALL;Jun-26;52,00;-;1
INDITEX;CALL;Jun-26;52,25;11;2.040
INDITEX;CALL;Jun-26;54,17;-;27
INDITEX;CALL;Jun-26;56,11;-;1
INDITEX;CALL;Jun-26;58,05;-;150
INDITEX;CALL;Jun-26;59,99;-;150
INDITEX;CALL;Jun-26;61,92;-;150
INDITEX;CALL;Jun-26;63,85;-;150
INDITEX;CALL;Jul-26;41,60;-;1
INDITEX;CALL;Jul-26;42,57;456;456
INDITEX;CALL;Jul-26;43,54;1;1
INDITEX;CALL;Sep-26;35,80;-;1
INDITEX;CALL;Sep-26;36,76;-;27
INDITEX;CALL;Sep-26;38,70;-;26
INDITEX;CALL;Sep-26;39,67;-;26
INDITEX;CALL;Sep-26;40,63;-;28
INDITEX;CALL;Sep-26;41,60;-;200
INDITEX;CALL;Sep-26;42,57;-;300
INDITEX;CALL;Sep-26;43,54;-;25
INDITEX;CALL;Sep-26;44,49;-;56
INDITEX;CALL;Sep-26;45,47;-;54
INDITEX;CALL;Sep-26;46,44;-;75
INDITEX;CALL;Sep-26;47,41;-;25
INDITEX;CALL;Sep-26;48,38;-;77
INDITEX;CALL;Sep-26;50,31;-;350
INDITEX;CALL;Sep-26;52,00;-;3.000
INDITEX;CALL;Sep-26;52,25;-;25
INDITEX;CALL;Sep-26;54,17;-;29
INDITEX;CALL;Dic-26;32,90;-;26
INDITEX;CALL;Dic-26;33,87;-;21
INDITEX;CALL;Dic-26;34,83;-;25
INDITEX;CALL;Dic-26;35,80;-;25
INDITEX;CALL;Dic-26;36,76;-;36
INDITEX;CALL;Dic-26;37,73;-;160
INDITEX;CALL;Dic-26;38,70;-;160
INDITEX;CALL;Dic-26;39,67;-;10
INDITEX;CALL;Dic-26;40,63;-;2
INDITEX;CALL;Dic-26;41,60;-;76
INDITEX;CALL;Dic-26;42,57;-;150
INDITEX;CALL;Dic-26;43,54;-;75
INDITEX;CALL;Dic-26;44,49;-;50
INDITEX;CALL;Dic-26;45,47;-;25
INDITEX;CALL;Dic-26;46,44;-;29
INDITEX;CALL;Dic-26;47,41;-;2.397
INDITEX;CALL;Dic-26;48,38;-;76
INDITEX;CALL;Dic-26;50,31;-;50
INDITEX;CALL;Dic-26;52,25;-;25
INDITEX;CALL;Dic-26;54,17;-;27
INDITEX;CALL;Dic-26;56,11;-;35
INDITEX;CALL;Dic-26;59,99;-;176
INDITEX;CALL;Mar-27;33,87;-;50
INDITEX;CALL;Mar-27;34,83;-;50
INDITEX;CALL;Mar-27;35,80;-;75
INDITEX;CALL;Mar-27;36,76;-;75
INDITEX;CALL;Mar-27;37,73;-;25
INDITEX;CALL;Mar-27;38,70;-;25
INDITEX;CALL;Mar-27;39,67;-;51
INDITEX;CALL;Mar-27;40,63;-;78
INDITEX;CALL;Mar-27;41,60;-;1
INDITEX;CALL;Mar-27;44,49;-;8
INDITEX;CALL;Mar-27;45,47;-;3
INDITEX;CALL;Mar-27;50,31;-;1
INDITEX;CALL;Jun-27;26,12;-;1
INDITEX;CALL;Jun-27;30,96;-;150
INDITEX;CALL;Jun-27;33,87;-;200
INDITEX;CALL;Jun-27;34,83;-;180
INDITEX;CALL;Jun-27;36,76;-;25
INDITEX;CALL;Jun-27;38,70;-;150
INDITEX;CALL;Jun-27;39,67;-;101
INDITEX;CALL;Jun-27;41,60;-;177
INDITEX;CALL;Jun-27;42,57;-;150
INDITEX;CALL;Jun-27;43,54;-;150
INDITEX;CALL;Jun-27;44,49;-;50
INDITEX;CALL;Jun-27;46,44;-;25
INDITEX;CALL;Jun-27;47,41;-;150
INDITEX;CALL;Jun-27;48,38;-;150
INDITEX;CALL;Jun-27;50,31;-;3
INDITEX;CALL;Jun-27;52,25;-;150
INDITEX;CALL;Jun-27;56,11;-;25
INDITEX;CALL;Jun-27;65,78;-;1
INDITEX;CALL;Sep-27;43,54;-;25
INDITEX;CALL;Sep-27;44,49;-;25
INDITEX;CALL;Sep-27;45,47;-;25
INDITEX;CALL;Sep-27;46,44;-;25
INDITEX;CALL;Dic-27;21,29;-;2
INDITEX;CALL;Dic-27;33,87;-;100
INDITEX;CALL;Dic-27;36,76;-;25
INDITEX;CALL;Dic-27;37,73;-;25
INDITEX;CALL;Dic-27;43,54;-;10
INDITEX;CALL;Dic-27;45,47;-;1.100
INDITEX;CALL;Dic-27;46,44;-;150
INDITEX;CALL;Dic-27;47,41;-;326
INDITEX;CALL;Dic-27;48,38;-;175
INDITEX;CALL;Dic-27;50,31;-;350
INDITEX;CALL;Dic-27;52,25;-;375
INDITEX;CALL;Dic-27;54,17;-;450
INDITEX;CALL;Dic-27;56,11;-;450
INDITEX;CALL;Jun-28;43,10;-;25
INDITEX;CALL;Jun-28;44,08;-;25
INDITEX;CALL;Jun-28;45,06;-;25
INDITEX;CALL;Jun-28;47,99;-;25
INDITEX;CALL;Dic-28;51,42;-;25
INDITEX;CALL;Dic-29;43,51;-;220
INDITEX;PUT;May-26;54,17;-;3
INDITEX;PUT;May-26;56,11;-;2
INDITEX;PUT;May-26;58,05;-;3
INDITEX;PUT;Jun-26;41,60;-;2
INDITEX;PUT;Jun-26;49,44;-;5
INDITEX;PUT;Jun-26;52,25;-;30
INDITEX;PUT;Jun-26;59,33;-;5
INDITEX;PUT;Jun-26;59,99;-;35
INDITEX;PUT;Jun-26;61,30;-;5
INDITEX;PUT;Sep-26;49,44;-;5
INDITEX;PUT;Sep-26;54,17;-;1
INDITEX;PUT;Sep-26;57,35;-;5
INDITEX;PUT;Dic-26;56,11;-;3
INDITEX;PUT;Dic-26;58,05;-;1
INDITEX;CALL;May-26;51,42;-;5
INDITEX;CALL;Jun-26;43,54;-;5
INDITEX;CALL;Jun-26;50,31;-;19
INDITEX;CALL;Jul-26;47,46;-;5
INDITEX;CALL;Sep-26;41,60;-;150
INDITEX;CALL;Sep-26;42,57;-;150
INDITEX;CALL;Dic-26;46,44;-;1
INDITEX;CALL;Mar-27;47,41;-;1
INDITEX;CALL;Mar-27;54,17;-;12
INDRA;CALL;May-26;35,00;-;5
INDRA;CALL;May-26;37,00;-;6
INDRA;CALL;May-26;38,00;-;5
INDRA;CALL;May-26;39,00;-;2
INDRA;CALL;May-26;40,00;-;7
INDRA;CALL;May-26;41,00;-;3
INDRA;CALL;May-26;43,00;-;7
INDRA;CALL;May-26;44,00;-;1
INDRA;CALL;May-26;45,00;-;23
INDRA;CALL;May-26;46,00;-;1
INDRA;CALL;May-26;47,00;-;3
INDRA;CALL;May-26;48,00;-;6
INDRA;CALL;May-26;49,00;-;174
INDRA;CALL;May-26;50,00;-;44
INDRA;CALL;May-26;52,00;-;1
INDRA;CALL;May-26;54,00;-;4
INDRA;CALL;May-26;56,00;-;1
INDRA;CALL;May-26;60,00;-;35
INDRA;CALL;Jun-26;20,00;-;1
INDRA;CALL;Jun-26;26,00;-;25
INDRA;CALL;Jun-26;27,00;-;43
INDRA;CALL;Jun-26;30,00;-;26
INDRA;CALL;Jun-26;31,00;-;11
INDRA;CALL;Jun-26;32,00;-;1
INDRA;CALL;Jun-26;34,00;-;4
INDRA;CALL;Jun-26;35,00;-;13
INDRA;CALL;Jun-26;40,50;-;2
INDRA;CALL;Jun-26;41,00;-;1
INDRA;CALL;Jun-26;42,50;-;6
INDRA;CALL;Jun-26;43,50;-;6
INDRA;CALL;Jun-26;44,00;5;26
INDRA;CALL;Jun-26;45,00;5;30
INDRA;CALL;Jun-26;47,00;-;2
INDRA;CALL;Jun-26;48,00;-;1.012
INDRA;CALL;Jun-26;49,00;-;1
INDRA;CALL;Jun-26;50,00;-;1
INDRA;CALL;Jun-26;54,00;-;55
INDRA;CALL;Jun-26;56,00;-;21
INDRA;CALL;Jul-26;46,00;-;3
INDRA;CALL;Sep-26;24,00;-;4
INDRA;CALL;Sep-26;26,00;-;4
INDRA;CALL;Sep-26;30,00;-;45
INDRA;CALL;Sep-26;31,00;-;50
INDRA;CALL;Sep-26;35,00;-;1
INDRA;CALL;Sep-26;37,00;-;10
INDRA;CALL;Sep-26;41,00;-;20
INDRA;CALL;Sep-26;42,00;-;6
INDRA;CALL;Sep-26;43,00;-;3
INDRA;CALL;Sep-26;44,00;-;21
INDRA;CALL;Sep-26;45,00;-;2
INDRA;CALL;Sep-26;46,00;-;750
INDRA;CALL;Sep-26;48,00;-;11
INDRA;CALL;Sep-26;50,00;-;24
INDRA;CALL;Sep-26;52,00;-;71
INDRA;CALL;Sep-26;56,00;-;11
INDRA;CALL;Dic-26;28,00;-;1
INDRA;CALL;Dic-26;30,00;-;6
INDRA;CALL;Dic-26;32,00;-;10
INDRA;CALL;Dic-26;35,00;-;1
INDRA;CALL;Dic-26;40,00;-;1
INDRA;CALL;Dic-26;42,00;-;11
INDRA;CALL;Dic-26;46,00;-;2
INDRA;CALL;Dic-26;47,00;-;2
INDRA;CALL;Dic-26;50,00;-;6
INDRA;CALL;Dic-26;52,00;-;76
INDRA;CALL;Dic-26;54,00;-;50
INDRA;CALL;Dic-26;60,00;-;50
INDRA;CALL;Dic-26;70,00;-;1
INDRA;CALL;Mar-27;42,00;-;2
INDRA;CALL;Mar-27;49,00;-;20
INDRA;CALL;Mar-27;50,00;-;12
INDRA;CALL;Mar-27;60,00;-;3
INDRA;CALL;Jun-27;49,00;-;31
INDRA;CALL;Dic-27;44,00;-;500
INDRA;PUT;Jun-26;52,00;-;5
INDRA;PUT;Jun-26;56,00;-;6
INDRA;PUT;Jun-26;58,00;-;5
INDRA;PUT;Jun-26;60,00;-;90
INDRA;PUT;Jun-26;68,00;-;5
INDRA;PUT;Dic-26;60,00;-;100
INDRA;CALL;May-26;50,00;-;5
INDRA;CALL;Jun-26;40,00;-;90
INDRA;CALL;Jun-26;45,00;-;5
INDRA;CALL;Jun-26;50,00;-;5
LABORAT.;CALL;May-26;74,00;-;1
LABORAT.;CALL;May-26;76,00;-;6
LABORAT.;CALL;May-26;78,00;-;25
LABORAT.;CALL;May-26;80,00;-;60
LABORAT.;CALL;Jun-26;50,00;-;1
LABORAT.;CALL;Jun-26;54,00;-;1
LABORAT.;CALL;Jun-26;56,00;-;1
LABORAT.;CALL;Jun-26;76,00;-;400
LABORAT.;CALL;Jun-26;78,00;-;1
LABORAT.;CALL;Jun-26;80,00;-;16
LABORAT.;CALL;Sep-26;48,00;-;1
LABORAT.;CALL;Sep-26;64,00;-;2
LABORAT.;CALL;Sep-26;70,00;-;1.500
LABORAT.;CALL;Sep-26;72,00;-;20
LABORAT.;CALL;Sep-26;76,00;-;400
LABORAT.;CALL;Dic-26;66,00;-;10
LABORAT.;CALL;Dic-26;68,00;-;65
LABORAT.;CALL;Dic-26;76,00;-;400
MAPFRE;CALL;May-26;3,50;-;10
MAPFRE;CALL;May-26;3,80;-;10
MAPFRE;CALL;Jun-26;2,00;-;3
MAPFRE;CALL;Jun-26;3,00;-;15
MAPFRE;CALL;Jun-26;3,50;-;5
MAPFRE;CALL;Jun-26;3,60;-;5
MAPFRE;CALL;Jun-26;3,70;-;30
MAPFRE;CALL;Jun-26;3,80;-;1
MAPFRE;CALL;Jun-26;4,00;-;106
MAPFRE;CALL;Jun-26;4,20;-;1
MAPFRE;CALL;Jun-26;4,90;-;5
MAPFRE;CALL;Sep-26;1,70;-;20
MAPFRE;CALL;Sep-26;3,30;-;2
MAPFRE;CALL;Sep-26;3,60;-;5
MAPFRE;CALL;Sep-26;3,70;-;50
MAPFRE;CALL;Sep-26;3,80;-;30
MAPFRE;CALL;Sep-26;3,90;-;1
MAPFRE;CALL;Sep-26;5,00;-;9
MAPFRE;CALL;Dic-26;3,60;-;3
MAPFRE;CALL;Dic-26;3,70;-;116
MAPFRE;CALL;Dic-26;3,80;-;20
MAPFRE;CALL;Dic-26;4,00;-;5
MAPFRE;CALL;Dic-26;4,20;-;50
MAPFRE;CALL;Dic-26;4,50;-;20
MAPFRE;CALL;Mar-27;3,50;-;4
MAPFRE;CALL;Mar-27;3,60;-;1
MAPFRE;CALL;Dic-27;3,60;-;10
MELIA;CALL;May-26;9,00;-;20
MELIA;CALL;Jun-26;8,00;-;6
MELIA;CALL;Jun-26;8,75;-;1
MELIA;CALL;Sep-26;11,00;-;20
MELIA;CALL;Dic-26;8,25;-;30
MELIA;CALL;Dic-26;11,00;-;10
MELIA;CALL;Mar-27;9,25;-;50
MELIA;CALL;Mar-27;9,50;-;100
MELIA;CALL;Mar-27;9,75;-;25
MELIA;CALL;Mar-27;11,00;-;3
MERLIN;CALL;May-26;13,00;-;1
MERLIN;CALL;May-26;14,50;-;3
MERLIN;CALL;Jun-26;8,75;-;1
MERLIN;CALL;Jun-26;11,00;-;514
MERLIN;CALL;Jun-26;12,00;-;37
MERLIN;CALL;Jun-26;13,00;-;1
MERLIN;CALL;Jun-26;14,00;-;2
MERLIN;CALL;Jun-26;14,50;-;70
MERLIN;CALL;Jul-26;13,50;-;3
MERLIN;CALL;Sep-26;10,00;-;1
MERLIN;CALL;Sep-26;12,00;-;2
MERLIN;CALL;Sep-26;12,50;-;1
MERLIN;CALL;Dic-26;11,00;-;1.050
MERLIN;CALL;Dic-27;12,50;-;5.000
NATURGY;CALL;May-26;22,00;-;4
NATURGY;CALL;May-26;23,00;-;5
NATURGY;CALL;May-26;24,00;-;17
NATURGY;CALL;May-26;25,00;-;9
NATURGY;CALL;May-26;26,00;-;4
NATURGY;CALL;May-26;27,00;40;22
NATURGY;CALL;May-26;28,00;-;2
NATURGY;CALL;May-26;29,00;-;20
NATURGY;CALL;Jun-26;18,50;-;1
NATURGY;CALL;Jun-26;20,00;-;3.000
NATURGY;CALL;Jun-26;21,00;-;50
NATURGY;CALL;Jun-26;22,00;-;16
NATURGY;CALL;Jun-26;23,00;-;31
NATURGY;CALL;Jun-26;24,00;10;3.050
NATURGY;CALL;Jun-26;25,00;1;92
NATURGY;CALL;Jun-26;26,00;-;30
NATURGY;CALL;Jun-26;27,00;40;73
NATURGY;CALL;Jun-26;28,00;-;22
NATURGY;CALL;Jul-26;25,00;-;1
NATURGY;CALL;Jul-26;27,00;-;1
NATURGY;CALL;Sep-26;18,00;-;10
NATURGY;CALL;Sep-26;19,00;-;25
NATURGY;CALL;Sep-26;19,50;-;25
NATURGY;CALL;Sep-26;20,00;-;26
NATURGY;CALL;Sep-26;21,00;-;28
NATURGY;CALL;Sep-26;22,00;-;27
NATURGY;CALL;Sep-26;23,00;-;32
NATURGY;CALL;Sep-26;24,00;-;323
NATURGY;CALL;Sep-26;25,00;1;22
NATURGY;CALL;Sep-26;27,00;-;9
NATURGY;CALL;Dic-26;18,00;-;2
NATURGY;CALL;Dic-26;19,50;-;5
NATURGY;CALL;Dic-26;20,00;-;14
NATURGY;CALL;Dic-26;22,00;-;2
NATURGY;CALL;Dic-26;23,00;-;13
NATURGY;CALL;Dic-26;24,00;-;2.142
NATURGY;CALL;Dic-26;25,00;-;122
NATURGY;CALL;Dic-26;26,00;-;76
NATURGY;CALL;Mar-27;18,00;-;1
NATURGY;CALL;Mar-27;24,00;-;1
NATURGY;CALL;Mar-27;26,00;-;190
NATURGY;CALL;Sep-27;26,00;-;95
NATURGY;CALL;Dic-27;26,00;-;97
NATURGY;CALL;Jun-28;26,00;95;95
PHARMA;CALL;May-26;66,00;-;8
PHARMA;CALL;May-26;74,00;-;2
PHARMA;CALL;May-26;82,00;-;3
PHARMA;CALL;May-26;84,00;-;4
PHARMA;CALL;May-26;86,00;-;5
PHARMA;CALL;May-26;88,00;-;2
PHARMA;CALL;May-26;92,00;-;2
PHARMA;CALL;May-26;94,00;1;1
PHARMA;CALL;Jun-26;35,00;-;4
PHARMA;CALL;Jun-26;43,00;-;8
PHARMA;CALL;Jun-26;45,00;-;1
PHARMA;CALL;Jun-26;49,00;-;2
PHARMA;CALL;Jun-26;62,00;-;1
PHARMA;CALL;Jun-26;64,00;-;6
PHARMA;CALL;Jun-26;66,00;-;4
PHARMA;CALL;Jun-26;74,00;-;1
PHARMA;CALL;Jun-26;76,00;-;4
PHARMA;CALL;Jun-26;78,00;-;1
PHARMA;CALL;Jun-26;80,00;-;2
PHARMA;CALL;Jun-26;86,00;-;2
PHARMA;CALL;Jul-26;88,00;-;40
PHARMA;CALL;Jul-26;90,00;-;15
PHARMA;CALL;Sep-26;45,00;-;15
PHARMA;CALL;Sep-26;46,00;-;9
PHARMA;CALL;Sep-26;47,00;-;12
PHARMA;CALL;Sep-26;52,00;-;1
PHARMA;CALL;Sep-26;54,00;-;1
PHARMA;CALL;Sep-26;60,00;-;5
PHARMA;CALL;Sep-26;62,00;-;5
PHARMA;CALL;Sep-26;66,00;-;3
PHARMA;CALL;Sep-26;74,00;-;2
PHARMA;CALL;Sep-26;78,00;-;1
PHARMA;CALL;Sep-26;80,00;-;1
PHARMA;CALL;Sep-26;82,00;-;5
PHARMA;CALL;Sep-26;88,00;-;3
PHARMA;CALL;Sep-26;92,00;-;1
PHARMA;CALL;Dic-26;48,00;-;1
PHARMA;CALL;Dic-26;60,00;-;2
PHARMA;CALL;Dic-26;62,00;-;1
PHARMA;CALL;Dic-26;76,00;-;15
PHARMA;CALL;Dic-26;78,00;-;10
PHARMA;CALL;Mar-27;78,00;-;1
PHARMA;CALL;Mar-27;80,00;-;1
PUIG;CALL;May-26;12,00;-;1
PUIG;CALL;May-26;13,00;-;28
PUIG;CALL;May-26;14,50;-;1
PUIG;CALL;May-26;16,00;-;11
PUIG;CALL;May-26;16,50;-;20
PUIG;CALL;May-26;17,00;-;50
PUIG;CALL;May-26;17,50;-;16
PUIG;CALL;May-26;18,00;-;13
PUIG;CALL;Jun-26;11,50;-;4
PUIG;CALL;Jun-26;12,00;-;2.168
PUIG;CALL;Jun-26;13,00;-;28
PUIG;CALL;Jun-26;13,50;-;526
PUIG;CALL;Jun-26;14,00;-;7
PUIG;CALL;Jun-26;14,50;-;140
PUIG;CALL;Jun-26;15,00;7;496
PUIG;CALL;Jun-26;15,50;-;18
PUIG;CALL;Jun-26;16,00;-;107
PUIG;CALL;Jun-26;16,50;-;1
PUIG;CALL;Jun-26;17,00;-;7
PUIG;CALL;Jun-26;18,00;-;11
PUIG;CALL;Sep-26;12,00;-;5
PUIG;CALL;Sep-26;12,50;-;13
PUIG;CALL;Sep-26;13,00;-;21
PUIG;CALL;Sep-26;13,50;-;8
PUIG;CALL;Sep-26;14,00;-;10
PUIG;CALL;Sep-26;14,50;-;1
PUIG;CALL;Sep-26;15,00;-;8.340
PUIG;CALL;Sep-26;16,00;-;236
PUIG;CALL;Sep-26;16,50;-;3
PUIG;CALL;Dic-26;11,00;-;2
PUIG;CALL;Dic-26;12,00;-;2
PUIG;CALL;Dic-26;12,50;-;5
PUIG;CALL;Dic-26;13,00;-;2
PUIG;CALL;Dic-26;13,50;-;4
PUIG;CALL;Dic-26;14,00;-;3
PUIG;CALL;Dic-26;14,50;-;10
PUIG;CALL;Dic-26;15,00;-;16
PUIG;CALL;Dic-26;16,00;-;29
PUIG;CALL;Dic-26;16,50;-;17
PUIG;CALL;Dic-26;17,00;-;6
PUIG;CALL;Dic-26;17,50;-;10
PUIG;CALL;Dic-26;21,00;-;6
PUIG;CALL;Dic-26;32,00;-;1
PUIG;CALL;Mar-27;16,00;-;15
PUIG;CALL;Mar-27;16,50;-;10
PUIG;CALL;Jun-27;16,00;-;311
PUIG;CALL;Jun-27;21,00;-;20
PUIG;CALL;Dic-27;15,00;-;4
PUIG;CALL;Dic-27;15,50;-;162
PUIG;CALL;Dic-27;16,00;-;156
PUIG;CALL;Dic-27;16,50;-;151
PUIG;CALL;Mar-28;17,50;-;143
REDEIA;CALL;May-26;13,50;-;1
REDEIA;CALL;May-26;14,00;-;6
REDEIA;CALL;May-26;14,50;2;90
REDEIA;CALL;May-26;15,00;-;129
REDEIA;CALL;May-26;15,50;-;1
REDEIA;CALL;Jun-26;13,00;-;1
REDEIA;CALL;Jun-26;13,50;5;1.378
REDEIA;CALL;Jun-26;14,00;1;92
REDEIA;CALL;Jun-26;14,50;6;100
REDEIA;CALL;Jun-26;15,00;-;39
REDEIA;CALL;Jun-26;15,50;1;103
REDEIA;CALL;Jun-26;16,00;-;75
REDEIA;CALL;Jun-26;16,50;-;11
REDEIA;CALL;Jul-26;13,50;-;3
REDEIA;CALL;Jul-26;14,50;1;1
REDEIA;CALL;Sep-26;12,50;-;11
REDEIA;CALL;Sep-26;13,00;-;8
REDEIA;CALL;Sep-26;13,50;-;50
REDEIA;CALL;Sep-26;14,00;1;31
REDEIA;CALL;Sep-26;14,50;-;9
REDEIA;CALL;Sep-26;15,00;-;13
REDEIA;CALL;Sep-26;15,50;-;3
REDEIA;CALL;Sep-26;16,00;-;33
REDEIA;CALL;Sep-26;16,50;-;1
REDEIA;CALL;Sep-26;19,00;-;1
REDEIA;CALL;Dic-26;12,00;-;10
REDEIA;CALL;Dic-26;12,50;-;15
REDEIA;CALL;Dic-26;13,00;-;4
REDEIA;CALL;Dic-26;13,50;10;108
REDEIA;CALL;Dic-26;14,00;-;102
REDEIA;CALL;Dic-26;14,50;-;92
REDEIA;CALL;Dic-26;15,00;-;17
REDEIA;CALL;Dic-26;15,50;-;3
REDEIA;CALL;Dic-26;16,00;-;32
REDEIA;CALL;Dic-26;17,00;-;1
REDEIA;CALL;Dic-26;18,00;-;1
REDEIA;CALL;Mar-27;13,00;-;100
REDEIA;CALL;Mar-27;13,50;-;14
REDEIA;CALL;Mar-27;14,50;-;5
REDEIA;CALL;Mar-27;15,00;-;1
REDEIA;CALL;Mar-27;15,50;-;3
REDEIA;CALL;Mar-27;17,00;-;3
REDEIA;CALL;Jun-27;14,50;-;5
REDEIA;CALL;Jun-27;15,00;-;1
REDEIA;CALL;Jun-27;15,50;-;13
REDEIA;CALL;Dic-27;14,00;-;20
REDEIA;CALL;Dic-27;15,00;-;11
REDEIA;CALL;Dic-27;19,00;-;6
REDEIA;CALL;Dic-28;13,00;-;1
REDEIA;PUT;May-26;15,50;-;2
REDEIA;PUT;Sep-26;13,50;-;2
REDEIA;PUT;Sep-26;14,00;-;1
REDEIA;PUT;Sep-26;15,00;-;1
REDEIA;PUT;Sep-26;18,00;-;13
REDEIA;PUT;Dic-26;13,50;-;4
REPSOL;CALL;May-26 w2 21,00;;-;4
REPSOL;CALL;May-26;15,00;-;5
REPSOL;CALL;May-26;17,00;-;13
REPSOL;CALL;May-26;18,00;-;3
REPSOL;CALL;May-26;18,50;-;19
REPSOL;CALL;May-26;19,00;-;72
REPSOL;CALL;May-26;19,50;-;28
REPSOL;CALL;May-26;20,00;-;48
REPSOL;CALL;May-26;21,00;-;5
REPSOL;CALL;May-26;22,00;-;20
REPSOL;CALL;May-26;23,00;3;155
REPSOL;CALL;May-26;24,00;-;2
REPSOL;CALL;Jun-26;8,25;-;25
REPSOL;CALL;Jun-26;9,25;-;20
REPSOL;CALL;Jun-26;9,75;-;2
REPSOL;CALL;Jun-26;10,00;-;5.610
REPSOL;CALL;Jun-26;10,50;-;3.072
REPSOL;CALL;Jun-26;11,00;-;8.958
REPSOL;CALL;Jun-26;11,50;-;16
REPSOL;CALL;Jun-26;12,00;-;15.286
REPSOL;CALL;Jun-26;12,50;-;399
REPSOL;CALL;Jun-26;13,00;-;322
REPSOL;CALL;Jun-26;13,50;-;2
REPSOL;CALL;Jun-26;14,00;-;128
REPSOL;CALL;Jun-26;14,50;-;163
REPSOL;CALL;Jun-26;15,00;-;336
REPSOL;CALL;Jun-26;15,50;-;129
REPSOL;CALL;Jun-26;16,00;-;141
REPSOL;CALL;Jun-26;16,50;-;309
REPSOL;CALL;Jun-26;17,00;-;309
REPSOL;CALL;Jun-26;17,50;-;110
REPSOL;CALL;Jun-26;18,00;-;116
REPSOL;CALL;Jun-26;18,50;-;101
REPSOL;CALL;Jun-26;19,00;-;196
REPSOL;CALL;Jun-26;19,50;-;605
REPSOL;CALL;Jun-26;20,00;-;10.024
REPSOL;CALL;Jun-26;21,00;2;41
REPSOL;CALL;Jun-26;22,00;-;8
REPSOL;CALL;Jun-26;23,00;-;2.006
REPSOL;CALL;Jun-26;24,00;-;15
REPSOL;CALL;Jun-26;25,00;-;10
REPSOL;CALL;Jun-26;27,00;-;1
REPSOL;CALL;Jul-26;18,00;10;10
REPSOL;CALL;Jul-26;18,50;-;10
REPSOL;CALL;Jul-26;19,00;-;50
REPSOL;CALL;Jul-26;19,50;-;152
REPSOL;CALL;Jul-26;22,00;4;5
REPSOL;CALL;Sep-26;6,75;-;2
REPSOL;CALL;Sep-26;10,50;-;9
REPSOL;CALL;Sep-26;11,00;-;30
REPSOL;CALL;Sep-26;11,50;-;51
REPSOL;CALL;Sep-26;12,00;-;295
REPSOL;CALL;Sep-26;12,50;-;80
REPSOL;CALL;Sep-26;13,00;-;119
REPSOL;CALL;Sep-26;13,50;-;12
REPSOL;CALL;Sep-26;14,00;-;143
REPSOL;CALL;Sep-26;14,50;-;277
REPSOL;CALL;Sep-26;15,00;-;35
REPSOL;CALL;Sep-26;15,50;-;6
REPSOL;CALL;Sep-26;16,00;-;10
REPSOL;CALL;Sep-26;16,50;-;200
REPSOL;CALL;Sep-26;17,00;-;654
REPSOL;CALL;Sep-26;17,50;-;2.214
REPSOL;CALL;Sep-26;18,00;-;258
REPSOL;CALL;Sep-26;18,50;102;107
REPSOL;CALL;Sep-26;19,00;-;14
REPSOL;CALL;Sep-26;19,50;-;100
REPSOL;CALL;Sep-26;20,00;-;4
REPSOL;CALL;Sep-26;21,00;-;16
REPSOL;CALL;Sep-26;22,00;-;7
REPSOL;CALL;Sep-26;23,00;-;10
REPSOL;CALL;Sep-26;24,00;-;1
REPSOL;CALL;Dic-26;8,00;-;9.500
REPSOL;CALL;Dic-26;8,75;-;1
REPSOL;CALL;Dic-26;9,00;-;13.015
REPSOL;CALL;Dic-26;9,50;-;750
REPSOL;CALL;Dic-26;10,00;-;34.000
REPSOL;CALL;Dic-26;10,50;-;1.000
REPSOL;CALL;Dic-26;11,00;-;15.621
REPSOL;CALL;Dic-26;11,50;-;3.187
REPSOL;CALL;Dic-26;12,00;-;15.760
REPSOL;CALL;Dic-26;12,50;-;163
REPSOL;CALL;Dic-26;13,00;-;12.000
REPSOL;CALL;Dic-26;13,50;-;1
REPSOL;CALL;Dic-26;14,00;-;11.025
REPSOL;CALL;Dic-26;14,50;-;224
REPSOL;CALL;Dic-26;15,00;-;4.184
REPSOL;CALL;Dic-26;15,50;-;21.501
REPSOL;CALL;Dic-26;16,00;-;2.152
REPSOL;CALL;Dic-26;16,50;-;11
REPSOL;CALL;Dic-26;17,00;-;108
REPSOL;CALL;Dic-26;17,50;-;150
REPSOL;CALL;Dic-26;18,00;-;16
REPSOL;CALL;Dic-26;18,50;-;1
REPSOL;CALL;Dic-26;19,00;-;4.000
REPSOL;CALL;Dic-26;19,50;-;6
REPSOL;CALL;Dic-26;20,00;-;10
REPSOL;CALL;Dic-26;21,00;-;150
REPSOL;CALL;Dic-26;22,00;10;20
REPSOL;CALL;Dic-26;23,00;-;20
REPSOL;CALL;Dic-26;24,00;-;10
REPSOL;CALL;Dic-26;25,00;-;5
REPSOL;CALL;Dic-26;27,00;-;2
REPSOL;CALL;Dic-26;28,00;-;20
REPSOL;CALL;Mar-27;7,25;-;4
REPSOL;CALL;Mar-27;8,00;-;1
REPSOL;CALL;Mar-27;10,00;-;245
REPSOL;CALL;Mar-27;11,50;-;216
REPSOL;CALL;Mar-27;12,00;-;210
REPSOL;CALL;Mar-27;12,50;-;401
REPSOL;CALL;Mar-27;13,50;-;4
REPSOL;CALL;Mar-27;14,00;-;55
REPSOL;CALL;Mar-27;14,50;-;100
REPSOL;CALL;Mar-27;15,00;-;100
REPSOL;CALL;Mar-27;15,50;-;50
REPSOL;CALL;Mar-27;16,00;-;100
REPSOL;CALL;Mar-27;16,50;-;25
REPSOL;CALL;Mar-27;17,00;-;75
REPSOL;CALL;Mar-27;18,00;-;2
REPSOL;CALL;Mar-27;18,50;-;1
REPSOL;CALL;Mar-27;19,00;-;2
REPSOL;CALL;Mar-27;21,00;-;210
REPSOL;CALL;Mar-27;22,00;-;12
REPSOL;CALL;Mar-27;23,00;10;-
REPSOL;CALL;Mar-27;24,00;-;1
REPSOL;CALL;Mar-27;28,00;-;4
REPSOL;CALL;Jun-27;8,00;-;25.000
REPSOL;CALL;Jun-27;9,50;-;40
REPSOL;CALL;Jun-27;10,00;-;10
REPSOL;CALL;Jun-27;10,50;-;2
REPSOL;CALL;Jun-27;11,50;-;80
REPSOL;CALL;Jun-27;12,00;-;210
REPSOL;CALL;Jun-27;12,50;-;200
REPSOL;CALL;Jun-27;13,00;-;5.010
REPSOL;CALL;Jun-27;13,50;-;183
REPSOL;CALL;Jun-27;14,00;-;38
REPSOL;CALL;Jun-27;16,00;-;25
REPSOL;CALL;Jun-27;19,50;-;100
REPSOL;CALL;Jun-27;20,00;-;2
REPSOL;CALL;Jun-27;21,00;-;2
REPSOL;CALL;Jun-27;22,00;-;1
REPSOL;CALL;Sep-27;10,50;-;100
REPSOL;CALL;Sep-27;11,00;-;101
REPSOL;CALL;Sep-27;11,50;-;100
REPSOL;CALL;Sep-27;12,00;-;104
REPSOL;CALL;Sep-27;14,00;-;25
REPSOL;CALL;Sep-27;14,50;-;270
REPSOL;CALL;Sep-27;15,50;-;159
REPSOL;CALL;Sep-27;18,00;-;1.000
REPSOL;CALL;Dic-27;7,75;-;234
REPSOL;CALL;Dic-27;8,00;-;23.000
REPSOL;CALL;Dic-27;8,50;-;8.000
REPSOL;CALL;Dic-27;9,00;-;7.000
REPSOL;CALL;Dic-27;9,75;-;62
REPSOL;CALL;Dic-27;10,00;-;11.028
REPSOL;CALL;Dic-27;10,50;-;12.938
REPSOL;CALL;Dic-27;11,00;-;27.620
REPSOL;CALL;Dic-27;12,00;-;1
REPSOL;CALL;Dic-27;12,50;-;25
REPSOL;CALL;Dic-27;13,00;-;256
REPSOL;CALL;Dic-27;14,00;-;15.000
REPSOL;CALL;Dic-27;14,50;-;7
REPSOL;CALL;Dic-27;15,00;-;7.001
REPSOL;CALL;Dic-27;16,00;-;30.000
REPSOL;CALL;Dic-27;16,50;-;1.525
REPSOL;CALL;Dic-27;17,00;-;25
REPSOL;CALL;Dic-27;18,00;-;101
REPSOL;CALL;Dic-27;20,00;-;2
REPSOL;CALL;Dic-27;21,00;-;50
REPSOL;CALL;Dic-27;22,00;-;20
REPSOL;CALL;Dic-27;24,00;-;10
REPSOL;CALL;Mar-28;12,00;-;1.000
REPSOL;CALL;Mar-28;18,00;-;1
REPSOL;CALL;Mar-28;21,00;-;120
REPSOL;CALL;Mar-28;22,00;-;114
REPSOL;CALL;Jun-28;19,50;-;1
REPSOL;CALL;Dic-28;9,00;-;40.500
REPSOL;CALL;Dic-28;10,00;-;10.000
REPSOL;CALL;Dic-28;11,50;-;1.000
REPSOL;CALL;Dic-28;15,00;-;28.500
REPSOL;CALL;Dic-28;16,00;-;15.000
REPSOL;CALL;Dic-28;18,00;-;1.000
REPSOL;CALL;Dic-28;24,00;-;1.500
REPSOL;CALL;Jun-29;11,00;-;140
REPSOL;CALL;Dic-29;7,75;-;30.000
REPSOL;CALL;Dic-29;8,00;-;17.000
REPSOL;CALL;Dic-29;11,00;-;20.000
REPSOL;CALL;Dic-29;11,50;-;17.000
REPSOL;CALL;Dic-29;12,50;-;800
REPSOL;CALL;Dic-29;24,00;-;20
REPSOL;CALL;Dic-30;14,00;-;3.000
REPSOL;CALL;Dic-30;18,50;-;3.000
REPSOL;PUT;May-26 w2 20,00;;-;10
REPSOL;PUT;May-26 w2 23,00;;-;1
REPSOL;PUT;May-26;17,50;-;5
REPSOL;PUT;May-26;18,00;-;30
REPSOL;PUT;May-26;19,00;-;20
REPSOL;PUT;May-26;20,00;-;5
REPSOL;PUT;May-26;21,00;-;15
REPSOL;PUT;May-26;21,00;-;143
REPSOL;PUT;May-26;22,00;-;5
REPSOL;PUT;May-26;22,00;-;6
REPSOL;PUT;May-26;23,00;-;10
REPSOL;PUT;May-26;24,00;-;12
REPSOL;PUT;May-26;26,00;-;150
REPSOL;PUT;Jun-26;14,00;-;1
REPSOL;PUT;Jun-26;14,50;-;1
REPSOL;PUT;Jun-26;15,00;-;1
REPSOL;PUT;Jun-26;16,00;-;3
REPSOL;PUT;Jun-26;17,00;-;10
REPSOL;PUT;Jun-26;18,00;-;5
REPSOL;PUT;Jun-26;19,00;-;10
REPSOL;PUT;Jun-26;20,00;-;10
REPSOL;PUT;Jun-26;21,00;-;10
REPSOL;PUT;Jun-26;22,00;-;10
REPSOL;PUT;Jun-26;23,00;-;3
REPSOL;PUT;Jun-26;24,00;-;10
REPSOL;PUT;Jun-26;25,00;-;31
REPSOL;PUT;Jun-26;26,00;-;25
REPSOL;PUT;Jun-26;28,00;-;24
REPSOL;PUT;Sep-26;14,00;-;1
REPSOL;PUT;Sep-26;14,50;-;1
REPSOL;PUT;Sep-26;18,00;-;10
REPSOL;PUT;Sep-26;21,00;-;10
REPSOL;PUT;Sep-26;22,00;-;73
REPSOL;PUT;Sep-26;23,00;-;10
REPSOL;PUT;Sep-26;24,00;-;1
REPSOL;PUT;Dic-26;14,50;-;1
REPSOL;PUT;Dic-26;15,00;-;33
REPSOL;PUT;Dic-26;17,00;-;7
REPSOL;PUT;Dic-26;18,00;-;27
REPSOL;PUT;Dic-26;25,00;-;28
REPSOL;PUT;Dic-26;27,00;-;1
REPSOL;PUT;Dic-27;12,00;-;15.000
REPSOL;PUT;Dic-27;16,00;-;7
REPSOL;PUT;Dic-28;15,25;-;750
REPSOL;CALL;May-26;18,50;-;1
REPSOL;CALL;May-26;19,00;-;10
REPSOL;CALL;May-26;19,00;-;100
REPSOL;CALL;May-26;19,50;-;16
REPSOL;CALL;May-26;20,00;-;10
REPSOL;CALL;May-26;21,00;-;20
REPSOL;CALL;May-26;21,00;-;10
REPSOL;CALL;May-26;22,00;-;15
REPSOL;CALL;May-26;22,00;-;15
REPSOL;CALL;May-26;23,00;-;20
REPSOL;CALL;Jun-26;12,00;-;13
REPSOL;CALL;Jun-26;13,00;-;20
REPSOL;CALL;Jun-26;14,00;-;1
REPSOL;CALL;Jun-26;15,00;-;1
REPSOL;CALL;Jun-26;16,50;-;10
REPSOL;CALL;Jun-26;17,00;-;2
REPSOL;CALL;Jun-26;20,00;-;5
REPSOL;CALL;Jun-26;21,00;-;1
REPSOL;CALL;Jun-26;21,00;-;10
REPSOL;CALL;Sep-26;11,00;-;1.200
REPSOL;CALL;Sep-26;16,00;-;10
REPSOL;CALL;Sep-26;19,00;-;15
REPSOL;CALL;Dic-26;11,00;-;1
REPSOL;CALL;Dic-26;13,50;-;150
REPSOL;CALL;Dic-26;14,50;-;150
REPSOL;CALL;Dic-26;15,00;-;1
REPSOL;CALL;Dic-26;15,50;-;450
REPSOL;CALL;Dic-26;16,00;-;33
REPSOL;CALL;Dic-26;17,00;-;154
REPSOL;CALL;Dic-26;18,00;-;2
REPSOL;CALL;Dic-26;20,00;-;15
REPSOL;CALL;Dic-26;25,00;-;1
REPSOL;CALL;Mar-27;11,50;-;1
REPSOL;CALL;Dic-28;15,25;-;750
SACYR;CALL;Jun-26;3,60;-;10
SACYR;CALL;Jun-26;3,80;-;102
SACYR;CALL;Jun-26;4,90;-;5
SACYR;CALL;Sep-26;3,60;-;20
SACYR;CALL;Dic-26;3,80;-;5
SACYR;CALL;Jun-27;3,40;-;20
SANTANDER;CALL;May-26 w2 9,00;;-;10
SANTANDER;CALL;May-26 w2 9,25;;-;20
SANTANDER;CALL;May-26 w2 10,50;;-;2
SANTANDER;CALL;May-26 w2 11,00;;-;1
SANTANDER;CALL;May-26;7,00;-;20
SANTANDER;CALL;May-26;7,50;-;50
SANTANDER;CALL;May-26;7,75;-;2
SANTANDER;CALL;May-26;8,25;-;11
SANTANDER;CALL;May-26;8,50;-;7
SANTANDER;CALL;May-26;8,75;-;3
SANTANDER;CALL;May-26;9,00;-;30
SANTANDER;CALL;May-26;9,25;101;265
SANTANDER;CALL;May-26;9,50;21;290
SANTANDER;CALL;May-26;9,75;-;37
SANTANDER;CALL;May-26;10,00;100;21.039
SANTANDER;CALL;May-26;10,50;-;95
SANTANDER;CALL;May-26;11,00;50;66
SANTANDER;CALL;May-26;11,50;-;300
SANTANDER;CALL;May-26;12,00;150;-
SANTANDER;CALL;Jun-26;3,10;-;1
SANTANDER;CALL;Jun-26;3,80;-;25.000
SANTANDER;CALL;Jun-26;4,10;-;3
SANTANDER;CALL;Jun-26;4,20;-;5
SANTANDER;CALL;Jun-26;4,30;-;5
SANTANDER;CALL;Jun-26;4,40;-;5
SANTANDER;CALL;Jun-26;4,50;-;3.751
SANTANDER;CALL;Jun-26;4,70;-;5
SANTANDER;CALL;Jun-26;4,80;-;6
SANTANDER;CALL;Jun-26;4,90;-;5
SANTANDER;CALL;Jun-26;5,50;-;17
SANTANDER;CALL;Jun-26;5,75;-;116
SANTANDER;CALL;Jun-26;6,00;-;2
SANTANDER;CALL;Jun-26;6,25;-;3.500
SANTANDER;CALL;Jun-26;6,50;-;3.776
SANTANDER;CALL;Jun-26;6,75;-;100
SANTANDER;CALL;Jun-26;7,00;-;359
SANTANDER;CALL;Jun-26;7,25;-;95
SANTANDER;CALL;Jun-26;7,50;-;536
SANTANDER;CALL;Jun-26;7,75;-;5.787
SANTANDER;CALL;Jun-26;8,00;-;55.523
SANTANDER;CALL;Jun-26;8,25;-;17
SANTANDER;CALL;Jun-26;8,50;-;65
SANTANDER;CALL;Jun-26;8,75;-;73
SANTANDER;CALL;Jun-26;9,00;-;8.785
SANTANDER;CALL;Jun-26;9,25;-;22.667
SANTANDER;CALL;Jun-26;9,50;-;108
SANTANDER;CALL;Jun-26;9,75;1;246
SANTANDER;CALL;Jun-26;10,00;3;184
SANTANDER;CALL;Jun-26;10,50;-;235
SANTANDER;CALL;Jun-26;11,00;50;166
SANTANDER;CALL;Jun-26;11,50;-;5
SANTANDER;CALL;Jul-26;9,00;-;10
SANTANDER;CALL;Jul-26;9,50;1;2
SANTANDER;CALL;Jul-26;11,00;-;2
SANTANDER;CALL;Sep-26;4,00;-;2
SANTANDER;CALL;Sep-26;6,00;-;32.505
SANTANDER;CALL;Sep-26;6,75;-;103
SANTANDER;CALL;Sep-26;7,00;20;14.626
SANTANDER;CALL;Sep-26;7,25;-;30
SANTANDER;CALL;Sep-26;7,50;-;210
SANTANDER;CALL;Sep-26;7,75;-;10.010
SANTANDER;CALL;Sep-26;8,00;-;12.209
SANTANDER;CALL;Sep-26;8,25;-;91
SANTANDER;CALL;Sep-26;8,50;-;5.001
SANTANDER;CALL;Sep-26;8,75;-;55
SANTANDER;CALL;Sep-26;9,00;-;123
SANTANDER;CALL;Sep-26;9,25;-;4.011
SANTANDER;CALL;Sep-26;9,50;-;100
SANTANDER;CALL;Sep-26;9,75;-;245
SANTANDER;CALL;Sep-26;10,00;-;33
SANTANDER;CALL;Sep-26;10,50;-;17
SANTANDER;CALL;Sep-26;11,00;-;20
SANTANDER;CALL;Sep-26;12,50;-;200
SANTANDER;CALL;Dic-26;2,50;-;40
SANTANDER;CALL;Dic-26;2,80;-;60.000
SANTANDER;CALL;Dic-26;3,20;-;10
SANTANDER;CALL;Dic-26;3,40;-;2
SANTANDER;CALL;Dic-26;3,50;-;5
SANTANDER;CALL;Dic-26;3,60;-;50.002
SANTANDER;CALL;Dic-26;4,00;-;25.007
SANTANDER;CALL;Dic-26;4,20;-;25
SANTANDER;CALL;Dic-26;4,30;-;15.000
SANTANDER;CALL;Dic-26;4,40;-;10.000
SANTANDER;CALL;Dic-26;4,60;-;80
SANTANDER;CALL;Dic-26;4,70;-;5
SANTANDER;CALL;Dic-26;4,80;-;15.000
SANTANDER;CALL;Dic-26;4,90;-;150
SANTANDER;CALL;Dic-26;5,00;-;20.400
SANTANDER;CALL;Dic-26;5,25;-;600
SANTANDER;CALL;Dic-26;6,00;-;5.019
SANTANDER;CALL;Dic-26;6,25;-;5
SANTANDER;CALL;Dic-26;6,50;-;155
SANTANDER;CALL;Dic-26;6,75;-;156
SANTANDER;CALL;Dic-26;7,00;-;10.173
SANTANDER;CALL;Dic-26;7,25;-;50
SANTANDER;CALL;Dic-26;7,50;-;19
SANTANDER;CALL;Dic-26;7,75;-;51
SANTANDER;CALL;Dic-26;8,00;-;34.884
SANTANDER;CALL;Dic-26;8,25;-;610
SANTANDER;CALL;Dic-26;8,50;-;15.882
SANTANDER;CALL;Dic-26;8,75;-;854
SANTANDER;CALL;Dic-26;9,00;-;5.085
SANTANDER;CALL;Dic-26;9,25;-;156
SANTANDER;CALL;Dic-26;9,50;-;36
SANTANDER;CALL;Dic-26;9,75;-;10
SANTANDER;CALL;Dic-26;10,00;-;27.113
SANTANDER;CALL;Dic-26;10,50;-;4.556
SANTANDER;CALL;Dic-26;11,00;-;20
SANTANDER;CALL;Dic-26;11,50;-;10
SANTANDER;CALL;Dic-26;14,00;-;3
SANTANDER;CALL;Mar-27;5,25;-;470
SANTANDER;CALL;Mar-27;5,50;-;150
SANTANDER;CALL;Mar-27;6,00;-;150
SANTANDER;CALL;Mar-27;6,75;-;371
SANTANDER;CALL;Mar-27;7,25;-;16.000
SANTANDER;CALL;Mar-27;8,00;-;100
SANTANDER;CALL;Mar-27;8,25;-;400
SANTANDER;CALL;Mar-27;8,50;-;101
SANTANDER;CALL;Mar-27;8,75;-;5
SANTANDER;CALL;Mar-27;9,50;-;5
SANTANDER;CALL;Mar-27;11,00;-;2
SANTANDER;CALL;Mar-27;11,50;-;3
SANTANDER;CALL;Jun-27;3,00;-;15.000
SANTANDER;CALL;Jun-27;4,00;-;1
SANTANDER;CALL;Jun-27;5,50;-;42
SANTANDER;CALL;Jun-27;6,00;-;20.100
SANTANDER;CALL;Jun-27;7,00;-;5.000
SANTANDER;CALL;Jun-27;7,50;-;660
SANTANDER;CALL;Jun-27;8,00;-;8.000
SANTANDER;CALL;Jun-27;9,00;-;16.000
SANTANDER;CALL;Sep-27;8,00;-;310
SANTANDER;CALL;Sep-27;9,50;-;263
SANTANDER;CALL;Sep-27;9,75;-;25
SANTANDER;CALL;Sep-27;10,00;-;5
SANTANDER;CALL;Dic-27;3,30;-;10
SANTANDER;CALL;Dic-27;3,50;-;10.040
SANTANDER;CALL;Dic-27;3,90;-;10
SANTANDER;CALL;Dic-27;4,00;-;42
SANTANDER;CALL;Dic-27;4,20;-;7.000
SANTANDER;CALL;Dic-27;4,40;-;51.025
SANTANDER;CALL;Dic-27;4,70;-;10
SANTANDER;CALL;Dic-27;5,25;-;11.500
SANTANDER;CALL;Dic-27;5,50;-;1
SANTANDER;CALL;Dic-27;5,75;-;50.000
SANTANDER;CALL;Dic-27;6,00;-;150
SANTANDER;CALL;Dic-27;6,25;-;150
SANTANDER;CALL;Dic-27;6,50;-;151
SANTANDER;CALL;Dic-27;6,75;-;150
SANTANDER;CALL;Dic-27;7,00;-;10.500
SANTANDER;CALL;Dic-27;7,25;-;325
SANTANDER;CALL;Dic-27;7,50;-;300
SANTANDER;CALL;Dic-27;7,75;-;5.000
SANTANDER;CALL;Dic-27;8,00;-;75
SANTANDER;CALL;Dic-27;8,75;-;23
SANTANDER;CALL;Dic-27;9,00;-;4.000
SANTANDER;CALL;Dic-27;9,75;-;25.000
SANTANDER;CALL;Dic-27;10,00;-;21
SANTANDER;CALL;Dic-27;10,50;-;4.745
SANTANDER;CALL;Dic-27;11,00;-;5.002
SANTANDER;CALL;Dic-27;11,50;-;25
SANTANDER;CALL;Dic-27;12,00;-;1
SANTANDER;CALL;Mar-28;6,00;1;-
SANTANDER;CALL;Mar-28;9,00;-;150
SANTANDER;CALL;Mar-28;9,25;-;150
SANTANDER;CALL;Mar-28;9,75;-;5
SANTANDER;CALL;Mar-28;10,00;-;150
SANTANDER;CALL;Mar-28;10,50;-;389
SANTANDER;CALL;Mar-28;11,00;-;300
SANTANDER;CALL;Mar-28;12,00;-;150
SANTANDER;CALL;Jun-28;5,00;-;10.000
SANTANDER;CALL;Jun-28;11,00;-;150
SANTANDER;CALL;Jun-28;11,50;-;300
SANTANDER;CALL;Jun-28;12,00;-;300
SANTANDER;CALL;Dic-28;4,20;-;10.000
SANTANDER;CALL;Dic-28;6,00;-;12.500
SANTANDER;CALL;Dic-28;8,00;-;15.500
SANTANDER;CALL;Dic-28;8,50;-;3.000
SANTANDER;CALL;Dic-28;9,00;-;5.000
SANTANDER;CALL;Dic-28;10,00;-;4.000
SANTANDER;CALL;Dic-29;3,90;-;3.250
SANTANDER;CALL;Dic-29;5,50;-;25.000
SANTANDER;CALL;Dic-29;10,50;-;200
SANTANDER;CALL;Dic-30;6,00;-;10.000
SANTANDER;PUT;May-26 w2 10,50;;-;10
SANTANDER;PUT;May-26;7,75;-;5
SANTANDER;PUT;May-26;9,00;-;116
SANTANDER;PUT;May-26;9,50;-;30
SANTANDER;PUT;May-26;10,00;70;30
SANTANDER;PUT;May-26;10,00;-;10
SANTANDER;PUT;May-26;10,50;-;70
SANTANDER;PUT;May-26;10,50;-;30
SANTANDER;PUT;May-26;11,00;-;70
SANTANDER;PUT;May-26;11,00;-;6.109
SANTANDER;PUT;May-26;11,50;-;12.158
SANTANDER;PUT;May-26;11,50;-;10
SANTANDER;PUT;Jun-26;4,30;-;2
SANTANDER;PUT;Jun-26;7,00;-;25
SANTANDER;PUT;Jun-26;9,00;-;10
SANTANDER;PUT;Jun-26;9,50;-;10
SANTANDER;PUT;Jun-26;9,75;-;25
SANTANDER;PUT;Jun-26;10,00;-;15
SANTANDER;PUT;Jun-26;10,00;-;70
SANTANDER;PUT;Jun-26;10,50;-;1.090
SANTANDER;PUT;Jun-26;10,50;-;25
SANTANDER;PUT;Jun-26;11,00;-;50
SANTANDER;PUT;Jun-26;11,00;-;25
SANTANDER;PUT;Jun-26;11,50;-;20
SANTANDER;PUT;Jun-26;12,00;-;90
SANTANDER;PUT;Jul-26;10,00;-;40
SANTANDER;PUT;Jul-26;12,50;-;40
SANTANDER;PUT;Sep-26;9,00;-;10
SANTANDER;PUT;Sep-26;10,50;-;10
SANTANDER;PUT;Sep-26;10,50;-;40
SANTANDER;PUT;Sep-26;11,00;-;10
SANTANDER;PUT;Sep-26;11,50;-;40
SANTANDER;PUT;Sep-26;12,00;-;3
SANTANDER;PUT;Sep-26;13,00;-;40
SANTANDER;PUT;Dic-26;8,00;-;2
SANTANDER;PUT;Dic-26;8,50;-;2
SANTANDER;PUT;Dic-26;9,00;-;10
SANTANDER;PUT;Dic-26;10,00;-;10
SANTANDER;PUT;Dic-26;10,50;-;10
SANTANDER;PUT;Dic-26;11,00;-;10
SANTANDER;PUT;Dic-26;12,00;-;20
SANTANDER;PUT;Mar-27;4,00;-;20
SANTANDER;PUT;Mar-27;5,00;-;20
SANTANDER;PUT;Sep-27;11,00;-;1
SANTANDER;PUT;Dic-27;10,00;-;1
SANTANDER;CALL;May-26;8,00;-;2
SANTANDER;CALL;May-26;9,00;-;90
SANTANDER;CALL;May-26;9,00;-;50.000
SANTANDER;CALL;May-26;9,25;-;20
SANTANDER;CALL;May-26;9,50;-;40
SANTANDER;CALL;May-26;9,75;-;50
SANTANDER;CALL;May-26;10,00;-;40
SANTANDER;CALL;May-26;10,00;-;30
SANTANDER;CALL;May-26;10,50;-;45
SANTANDER;CALL;May-26;11,00;-;70
SANTANDER;CALL;May-26;11,50;-;10
SANTANDER;CALL;May-26;13,00;-;26
SANTANDER;CALL;Jun-26;6,00;-;1.052
SANTANDER;CALL;Jun-26;7,75;-;500
SANTANDER;CALL;Jun-26;8,50;-;1.000
SANTANDER;CALL;Jun-26;9,00;-;130
SANTANDER;CALL;Jun-26;9,25;-;10
SANTANDER;CALL;Jun-26;9,50;-;10
SANTANDER;CALL;Jun-26;9,50;20;46
SANTANDER;CALL;Jun-26;9,75;1;1
SANTANDER;CALL;Jun-26;10,00;-;75
SANTANDER;CALL;Jun-26;10,00;-;40.000
SANTANDER;CALL;Jun-26;10,50;-;110
SANTANDER;CALL;Jun-26;11,00;-;70
SANTANDER;CALL;Jun-26;13,50;-;20
SANTANDER;CALL;Jul-26;10,00;-;40
SANTANDER;CALL;Jul-26;13,50;-;5
SANTANDER;CALL;Sep-26;6,25;-;1.700
SANTANDER;CALL;Sep-26;7,50;-;900
SANTANDER;CALL;Sep-26;8,25;-;50
SANTANDER;CALL;Sep-26;9,75;-;1
SANTANDER;CALL;Sep-26;11,00;-;1
SANTANDER;CALL;Dic-26;6,75;-;2.800
SANTANDER;CALL;Dic-26;9,00;-;10
SANTANDER;CALL;Dic-26;10,00;-;7
SANTANDER;CALL;Dic-26;11,00;-;10
SANTANDER;CALL;Dic-29;10,50;-;60
SOLARIA;CALL;May-26;17,00;-;5
SOLARIA;CALL;May-26;22,00;-;5
SOLARIA;CALL;May-26;23,00;-;40
SOLARIA;CALL;May-26;24,00;-;20
TECNICAS;CALL;May-26;23,82;-;3
TECNICAS;CALL;May-26;25,66;-;2
TECNICAS;CALL;May-26;26,57;-;5
TECNICAS;CALL;May-26;27,49;-;4
TECNICAS;CALL;May-26;28,41;-;3
TECNICAS;CALL;May-26;29,32;-;5
TECNICAS;CALL;May-26;31,15;-;10
TECNICAS;CALL;May-26;32,07;-;1
TECNICAS;CALL;May-26;32,99;-;5
TECNICAS;CALL;Jun-26;15,12;-;4
TECNICAS;CALL;Jun-26;24,74;-;10
TECNICAS;CALL;Jun-26;25,66;-;5
TECNICAS;CALL;Jun-26;27,49;-;1
TECNICAS;CALL;Jun-26;34,82;-;1
TECNICAS;CALL;Jul-26;24,74;-;5
TECNICAS;CALL;Sep-26;18,33;-;5
TECNICAS;CALL;Sep-26;19,24;-;5
TECNICAS;CALL;Sep-26;22,91;-;5
TECNICAS;CALL;Dic-26;18,33;-;2
TECNICAS;CALL;Dic-26;20,16;-;1
TECNICAS;CALL;Dic-26;35,74;-;2
TECNICAS;CALL;Mar-27;30,00;-;1
TECNICAS;PUT;May-26;34,82;-;1
TELEFONICA;CALL;May-26;3,20;-;8
TELEFONICA;CALL;May-26;3,30;-;7
TELEFONICA;CALL;May-26;3,40;-;6
TELEFONICA;CALL;May-26;3,50;-;13
TELEFONICA;CALL;May-26;3,60;-;6
TELEFONICA;CALL;May-26;3,70;-;128
TELEFONICA;CALL;May-26;3,80;-;5
TELEFONICA;CALL;May-26;3,90;-;3
TELEFONICA;CALL;May-26;4,00;-;25
TELEFONICA;CALL;Jun-26;2,70;-;1
TELEFONICA;CALL;Jun-26;2,90;-;301
TELEFONICA;CALL;Jun-26;3,00;-;17.218
TELEFONICA;CALL;Jun-26;3,10;-;36
TELEFONICA;CALL;Jun-26;3,20;-;306
TELEFONICA;CALL;Jun-26;3,30;-;110.226
TELEFONICA;CALL;Jun-26;3,40;-;151.331
TELEFONICA;CALL;Jun-26;3,50;1;16.915
TELEFONICA;CALL;Jun-26;3,60;3;3.097
TELEFONICA;CALL;Jun-26;3,70;252;683
TELEFONICA;CALL;Jun-26;3,80;-;666
TELEFONICA;CALL;Jun-26;3,90;-;279
TELEFONICA;CALL;Jun-26;4,00;-;255
TELEFONICA;CALL;Jun-26;4,10;-;60
TELEFONICA;CALL;Jun-26;4,20;-;30.512
TELEFONICA;CALL;Jun-26;4,30;-;39
TELEFONICA;CALL;Jun-26;4,40;-;25.128
TELEFONICA;CALL;Jun-26;4,50;-;151
TELEFONICA;CALL;Jun-26;4,60;-;27
TELEFONICA;CALL;Jun-26;4,70;-;60
TELEFONICA;CALL;Jun-26;4,80;-;152
TELEFONICA;CALL;Jun-26;4,90;-;25
TELEFONICA;CALL;Jun-26;5,00;-;83
TELEFONICA;CALL;Jun-26;5,50;-;300
TELEFONICA;CALL;Jun-26;6,50;-;2
TELEFONICA;CALL;Sep-26;2,60;-;4
TELEFONICA;CALL;Sep-26;2,70;-;5
TELEFONICA;CALL;Sep-26;2,90;-;28
TELEFONICA;CALL;Sep-26;3,00;-;2
TELEFONICA;CALL;Sep-26;3,10;-;120
TELEFONICA;CALL;Sep-26;3,20;-;206
TELEFONICA;CALL;Sep-26;3,30;-;108
TELEFONICA;CALL;Sep-26;3,40;-;50
TELEFONICA;CALL;Sep-26;3,50;-;184
TELEFONICA;CALL;Sep-26;3,60;-;205
TELEFONICA;CALL;Sep-26;3,70;-;10.008
TELEFONICA;CALL;Sep-26;3,80;-;34
TELEFONICA;CALL;Sep-26;3,90;-;303
TELEFONICA;CALL;Sep-26;4,00;-;10.140
TELEFONICA;CALL;Sep-26;4,10;-;767
TELEFONICA;CALL;Sep-26;4,20;-;7
TELEFONICA;CALL;Sep-26;4,30;-;5
TELEFONICA;CALL;Sep-26;4,40;-;59
TELEFONICA;CALL;Sep-26;4,50;-;39
TELEFONICA;CALL;Sep-26;4,60;-;175
TELEFONICA;CALL;Sep-26;4,70;-;150
TELEFONICA;CALL;Sep-26;5,00;-;18
TELEFONICA;CALL;Sep-26;6,00;-;5
TELEFONICA;CALL;Dic-26;2,50;-;8
TELEFONICA;CALL;Dic-26;2,80;-;100
TELEFONICA;CALL;Dic-26;2,90;-;50
TELEFONICA;CALL;Dic-26;3,00;-;1.513
TELEFONICA;CALL;Dic-26;3,10;-;212
TELEFONICA;CALL;Dic-26;3,20;-;375
TELEFONICA;CALL;Dic-26;3,30;-;47
TELEFONICA;CALL;Dic-26;3,40;-;35.260
TELEFONICA;CALL;Dic-26;3,50;-;20.204
TELEFONICA;CALL;Dic-26;3,60;-;65.192
TELEFONICA;CALL;Dic-26;3,70;-;184
TELEFONICA;CALL;Dic-26;3,80;-;328
TELEFONICA;CALL;Dic-26;3,90;-;1.378
TELEFONICA;CALL;Dic-26;4,00;-;107.505
TELEFONICA;CALL;Dic-26;4,10;-;1
TELEFONICA;CALL;Dic-26;4,20;-;22
TELEFONICA;CALL;Dic-26;4,30;-;75
TELEFONICA;CALL;Dic-26;4,40;-;56
TELEFONICA;CALL;Dic-26;4,50;-;62.535
TELEFONICA;CALL;Dic-26;4,60;-;35.010
TELEFONICA;CALL;Dic-26;4,70;-;20.020
TELEFONICA;CALL;Dic-26;5,00;-;26
TELEFONICA;CALL;Dic-26;5,75;-;425
TELEFONICA;CALL;Dic-26;6,00;-;414
TELEFONICA;CALL;Dic-26;6,25;-;17
TELEFONICA;CALL;Dic-26;6,75;-;10
TELEFONICA;CALL;Mar-27;3,20;-;20
TELEFONICA;CALL;Mar-27;3,70;-;12
TELEFONICA;CALL;Mar-27;3,80;-;10
TELEFONICA;CALL;Mar-27;3,90;-;4
TELEFONICA;CALL;Mar-27;4,00;-;50
TELEFONICA;CALL;Mar-27;4,10;-;25
TELEFONICA;CALL;Mar-27;4,20;-;600
TELEFONICA;CALL;Mar-27;4,40;-;5.000
TELEFONICA;CALL;Mar-27;4,50;-;5
TELEFONICA;CALL;Mar-27;4,60;-;20.000
TELEFONICA;CALL;Mar-27;5,00;-;1
TELEFONICA;CALL;Mar-27;6,50;-;90
TELEFONICA;CALL;Mar-27;6,75;-;10
TELEFONICA;CALL;Jun-27;3,00;-;100
TELEFONICA;CALL;Jun-27;3,40;-;10
TELEFONICA;CALL;Jun-27;3,50;-;2
TELEFONICA;CALL;Jun-27;3,60;-;25.000
TELEFONICA;CALL;Jun-27;3,70;-;2
TELEFONICA;CALL;Jun-27;3,80;-;10
TELEFONICA;CALL;Jun-27;3,90;-;19
TELEFONICA;CALL;Jun-27;4,00;-;10
TELEFONICA;CALL;Jun-27;4,30;-;12
TELEFONICA;CALL;Jun-27;4,40;-;5
TELEFONICA;CALL;Jun-27;5,00;-;36
TELEFONICA;CALL;Jun-27;5,75;-;25
TELEFONICA;CALL;Jun-27;6,50;-;25
TELEFONICA;CALL;Sep-27;2,50;-;20
TELEFONICA;CALL;Sep-27;2,90;-;30
TELEFONICA;CALL;Sep-27;5,75;-;25
TELEFONICA;CALL;Dic-27;2,20;-;6.000
TELEFONICA;CALL;Dic-27;2,70;-;100
TELEFONICA;CALL;Dic-27;3,00;-;7.500
TELEFONICA;CALL;Dic-27;3,20;-;1
TELEFONICA;CALL;Dic-27;3,30;-;5
TELEFONICA;CALL;Dic-27;3,40;-;10
TELEFONICA;CALL;Dic-27;3,50;-;10
TELEFONICA;CALL;Dic-27;3,60;-;30.000
TELEFONICA;CALL;Dic-27;4,00;-;3
TELEFONICA;CALL;Dic-27;4,10;-;3
TELEFONICA;CALL;Dic-27;4,20;-;1
TELEFONICA;CALL;Dic-27;4,30;-;4
TELEFONICA;CALL;Dic-27;4,40;-;3
TELEFONICA;CALL;Dic-27;4,50;-;3
TELEFONICA;CALL;Dic-27;4,60;-;250
TELEFONICA;CALL;Dic-27;4,70;-;30.000
TELEFONICA;CALL;Dic-27;5,00;-;5
TELEFONICA;CALL;Dic-27;5,50;-;5
TELEFONICA;CALL;Mar-28;3,30;-;6
TELEFONICA;CALL;Mar-28;3,90;-;40
TELEFONICA;CALL;Mar-28;4,00;-;25
TELEFONICA;CALL;Mar-28;4,30;-;2
TELEFONICA;CALL;Mar-28;4,50;-;1
TELEFONICA;CALL;Mar-28;4,60;-;1
TELEFONICA;CALL;Mar-28;5,25;-;2
TELEFONICA;CALL;Dic-28;3,00;-;20.000
TELEFONICA;CALL;Dic-28;4,80;-;50
TELEFONICA;CALL;Dic-29;3,50;-;150
TELEFONICA;PUT;May-26;3,90;-;10
TELEFONICA;PUT;May-26;4,00;-;70
TELEFONICA;PUT;Jun-26;3,60;-;2
TELEFONICA;PUT;Jun-26;4,70;-;1
TELEFONICA;PUT;Sep-26;3,50;-;1
TELEFONICA;PUT;Sep-26;3,60;-;2
TELEFONICA;PUT;Sep-26;3,90;-;100
TELEFONICA;PUT;Sep-26;4,00;-;2
TELEFONICA;PUT;Dic-26;5,25;-;190
TELEFONICA;PUT;Sep-27;3,70;-;10
TELEFONICA;CALL;May-26;3,30;-;4
TELEFONICA;CALL;May-26;3,60;-;14
TELEFONICA;CALL;Jun-26;3,40;-;4
TELEFONICA;CALL;Jun-26;3,50;-;730
TELEFONICA;CALL;Jun-26;3,50;-;80
TELEFONICA;CALL;Jun-26;3,60;-;25
TELEFONICA;CALL;Jun-26;4,10;-;1.900
TELEFONICA;CALL;Jun-26;4,20;-;550
TELEFONICA;CALL;Jun-26;4,40;-;100
TELEFONICA;CALL;Jun-26;5,50;-;10
TELEFONICA;CALL;Sep-26;3,30;-;5
TELEFONICA;CALL;Sep-26;3,50;-;11
TELEFONICA;CALL;Sep-26;3,60;-;25
TELEFONICA;CALL;Sep-26;3,70;-;25
TELEFONICA;CALL;Sep-26;3,80;-;10
TELEFONICA;CALL;Sep-26;4,00;-;700
TELEFONICA;CALL;Sep-26;4,30;-;100
TELEFONICA;CALL;Sep-26;4,50;-;112
TELEFONICA;CALL;Sep-26;5,25;-;15
TELEFONICA;CALL;Dic-26;3,90;-;10
TELEFONICA;CALL;Dic-26;4,20;-;50
TELEFONICA;CALL;Dic-26;7,50;-;5
TELEFONICA;CALL;Dic-26;9,50;-;50
TELEFONICA;CALL;Dic-26;11,00;-;52
TELEFONICA;CALL;Dic-26;12,00;-;361
TELEFONICA;CALL;Dic-26;16,50;-;14
TELEFONICA;CALL;Mar-27;3,20;-;800
TELEFONICA;CALL;Mar-27;7,75;-;750
VIDRALA;CALL;May-26;68,57;-;2
VIDRALA;CALL;May-26;72,38;-;1
VIDRALA;CALL;Jun-26;57,14;-;5
VIDRALA;CALL;Jun-26;70,48;-;11
VIDRALA;CALL;Jun-26;78,10;-;1
VIDRALA;CALL;Jun-26;80,00;-;5
VIDRALA;CALL;Jun-26;83,81;-;1
VIDRALA;CALL;Jun-26;85,71;-;1
VIDRALA;CALL;Sep-26;66,67;-;2
VIDRALA;CALL;Sep-26;78,10;-;1
VIDRALA;CALL;Sep-26;81,90;-;11
VIDRALA;CALL;Sep-26;87,62;-;4
VIDRALA;CALL;Sep-26;89,52;-;2
VIDRALA;CALL;Dic-26;80,00;-;1
VIDRALA;CALL;Mar-27;72,00;-;1
VIDRALA;CALL;Mar-27;76,00;-;10
VISCOFAN;CALL;May-26;52,00;-;4
VISCOFAN;CALL;May-26;54,00;-;1
VISCOFAN;CALL;May-26;56,00;-;1
VISCOFAN;CALL;May-26;58,00;-;135
VISCOFAN;CALL;Jun-26;41,00;-;1
VISCOFAN;CALL;Jun-26;43,00;-;2
VISCOFAN;CALL;Jun-26;44,00;-;1
VISCOFAN;CALL;Jun-26;46,00;-;1
VISCOFAN;CALL;Jun-26;48,00;-;5
VISCOFAN;CALL;Jun-26;50,00;-;10
VISCOFAN;CALL;Jun-26;52,00;-;2
VISCOFAN;CALL;Jun-26;54,00;-;52
VISCOFAN;CALL;Jun-26;56,00;-;1
VISCOFAN;CALL;Jun-26;60,00;-;2
VISCOFAN;CALL;Sep-26;41,00;-;1
VISCOFAN;CALL;Sep-26;43,00;-;3
VISCOFAN;CALL;Sep-26;44,00;-;3
VISCOFAN;CALL;Sep-26;45,00;-;4
VISCOFAN;CALL;Sep-26;46,00;-;2
VISCOFAN;CALL;Sep-26;47,00;-;2
VISCOFAN;CALL;Sep-26;48,00;-;4
VISCOFAN;CALL;Sep-26;50,00;-;12
VISCOFAN;CALL;Sep-26;52,00;-;3
VISCOFAN;CALL;Sep-26;54,00;-;36
VISCOFAN;CALL;Sep-26;56,00;-;14
VISCOFAN;CALL;Sep-26;60,00;-;4
VISCOFAN;CALL;Sep-26;64,00;-;2
VISCOFAN;CALL;Dic-26;41,00;-;2
VISCOFAN;CALL;Dic-26;43,00;-;1
VISCOFAN;CALL;Dic-26;44,00;-;1
VISCOFAN;CALL;Dic-26;45,00;-;12
VISCOFAN;CALL;Dic-26;46,00;-;1
VISCOFAN;CALL;Dic-26;48,00;-;1
VISCOFAN;CALL;Dic-26;49,00;-;1
VISCOFAN;CALL;Dic-26;50,00;-;5
VISCOFAN;CALL;Dic-26;54,00;-;11
VISCOFAN;CALL;Dic-28;45,00;-;1
